"n","dd","d","all","ratio","date"
NA,NA,NA,NA,NA,2015-01-01
NA,NA,NA,NA,NA,2015-01-02
NA,NA,NA,NA,NA,2015-01-03
NA,NA,NA,NA,NA,2015-01-04
NA,NA,NA,NA,NA,2015-01-05
NA,NA,NA,NA,NA,2015-01-06
NA,NA,NA,NA,NA,2015-01-07
NA,NA,NA,NA,NA,2015-01-08
NA,NA,NA,NA,NA,2015-01-09
NA,NA,NA,NA,NA,2015-01-10
NA,NA,NA,NA,NA,2015-01-11
NA,NA,NA,NA,NA,2015-01-12
NA,NA,NA,NA,NA,2015-01-13
NA,NA,NA,NA,NA,2015-01-14
NA,NA,NA,NA,NA,2015-01-15
NA,NA,NA,NA,NA,2015-01-16
NA,NA,NA,NA,NA,2015-01-17
NA,NA,NA,NA,NA,2015-01-18
NA,NA,NA,NA,NA,2015-01-19
NA,NA,NA,NA,NA,2015-01-20
NA,NA,NA,NA,NA,2015-01-21
NA,NA,NA,NA,NA,2015-01-22
NA,NA,NA,NA,NA,2015-01-23
NA,NA,NA,NA,NA,2015-01-24
NA,NA,NA,NA,NA,2015-01-25
NA,NA,NA,NA,NA,2015-01-26
NA,NA,NA,NA,NA,2015-01-27
NA,NA,NA,NA,NA,2015-01-28
NA,NA,NA,NA,NA,2015-01-29
NA,NA,NA,NA,NA,2015-01-30
NA,NA,NA,NA,NA,2015-01-31
NA,NA,NA,NA,NA,2015-02-01
NA,NA,NA,NA,NA,2015-02-02
NA,NA,NA,NA,NA,2015-02-03
NA,NA,NA,NA,NA,2015-02-04
NA,NA,NA,NA,NA,2015-02-05
NA,NA,NA,NA,NA,2015-02-06
NA,NA,NA,NA,NA,2015-02-07
NA,NA,NA,NA,NA,2015-02-08
NA,NA,NA,NA,NA,2015-02-09
NA,NA,NA,NA,NA,2015-02-10
NA,NA,NA,NA,NA,2015-02-11
NA,NA,NA,NA,NA,2015-02-12
NA,NA,NA,NA,NA,2015-02-13
NA,NA,NA,NA,NA,2015-02-14
NA,NA,NA,NA,NA,2015-02-15
NA,NA,NA,NA,NA,2015-02-16
NA,NA,NA,NA,NA,2015-02-17
NA,NA,NA,NA,NA,2015-02-18
NA,NA,NA,NA,NA,2015-02-19
NA,NA,NA,NA,NA,2015-02-20
NA,NA,NA,NA,NA,2015-02-21
NA,NA,NA,NA,NA,2015-02-22
NA,NA,NA,NA,NA,2015-02-23
NA,NA,NA,NA,NA,2015-02-24
NA,NA,NA,NA,NA,2015-02-25
NA,NA,NA,NA,NA,2015-02-26
NA,NA,NA,NA,NA,2015-02-27
NA,NA,NA,NA,NA,2015-02-28
NA,NA,NA,NA,NA,2015-03-01
NA,NA,NA,NA,NA,2015-03-02
NA,NA,NA,NA,NA,2015-03-03
NA,NA,NA,NA,NA,2015-03-04
NA,NA,NA,NA,NA,2015-03-05
NA,NA,NA,NA,NA,2015-03-06
NA,NA,NA,NA,NA,2015-03-07
NA,NA,NA,NA,NA,2015-03-08
NA,NA,NA,NA,NA,2015-03-09
NA,NA,NA,NA,NA,2015-03-10
NA,NA,NA,NA,NA,2015-03-11
NA,NA,NA,NA,NA,2015-03-12
NA,NA,NA,NA,NA,2015-03-13
NA,NA,NA,NA,NA,2015-03-14
NA,NA,NA,NA,NA,2015-03-15
NA,NA,NA,NA,NA,2015-03-16
NA,NA,NA,NA,NA,2015-03-17
NA,NA,NA,NA,NA,2015-03-18
NA,NA,NA,NA,NA,2015-03-19
NA,NA,NA,NA,NA,2015-03-20
NA,NA,NA,NA,NA,2015-03-21
NA,NA,NA,NA,NA,2015-03-22
NA,NA,NA,NA,NA,2015-03-23
NA,NA,NA,NA,NA,2015-03-24
NA,NA,NA,NA,NA,2015-03-25
NA,NA,NA,NA,NA,2015-03-26
NA,NA,NA,NA,NA,2015-03-27
NA,NA,NA,NA,NA,2015-03-28
NA,NA,NA,NA,NA,2015-03-29
NA,NA,NA,NA,NA,2015-03-30
NA,NA,NA,NA,NA,2015-03-31
NA,NA,NA,NA,NA,2015-04-01
NA,NA,NA,NA,NA,2015-04-02
NA,NA,NA,NA,NA,2015-04-03
NA,NA,NA,NA,NA,2015-04-04
NA,NA,NA,NA,NA,2015-04-05
NA,NA,NA,NA,NA,2015-04-06
NA,NA,NA,NA,NA,2015-04-07
NA,NA,NA,NA,NA,2015-04-08
NA,NA,NA,NA,NA,2015-04-09
NA,NA,NA,NA,NA,2015-04-10
NA,NA,NA,NA,NA,2015-04-11
NA,NA,NA,NA,NA,2015-04-12
NA,NA,NA,NA,NA,2015-04-13
NA,NA,NA,NA,NA,2015-04-14
NA,NA,NA,NA,NA,2015-04-15
NA,NA,NA,NA,NA,2015-04-16
NA,NA,NA,NA,NA,2015-04-17
NA,NA,NA,NA,NA,2015-04-18
NA,NA,NA,NA,NA,2015-04-19
NA,NA,NA,NA,NA,2015-04-20
NA,NA,NA,NA,NA,2015-04-21
NA,NA,NA,NA,NA,2015-04-22
NA,NA,NA,NA,NA,2015-04-23
NA,NA,NA,NA,NA,2015-04-24
NA,NA,NA,NA,NA,2015-04-25
NA,NA,NA,NA,NA,2015-04-26
NA,NA,NA,NA,NA,2015-04-27
NA,NA,NA,NA,NA,2015-04-28
NA,NA,NA,NA,NA,2015-04-29
NA,NA,NA,NA,NA,2015-04-30
NA,NA,NA,NA,NA,2015-05-01
NA,NA,NA,NA,NA,2015-05-02
NA,NA,NA,NA,NA,2015-05-03
NA,NA,NA,NA,NA,2015-05-04
NA,NA,NA,NA,NA,2015-05-05
NA,NA,NA,NA,NA,2015-05-06
NA,NA,NA,NA,NA,2015-05-07
NA,NA,NA,NA,NA,2015-05-08
NA,NA,NA,NA,NA,2015-05-09
NA,NA,NA,NA,NA,2015-05-10
NA,NA,NA,NA,NA,2015-05-11
NA,NA,NA,NA,NA,2015-05-12
NA,NA,NA,NA,NA,2015-05-13
NA,NA,NA,NA,NA,2015-05-14
NA,NA,NA,NA,NA,2015-05-15
NA,NA,NA,NA,NA,2015-05-16
NA,NA,NA,NA,NA,2015-05-17
NA,NA,NA,NA,NA,2015-05-18
NA,NA,NA,NA,NA,2015-05-19
NA,NA,NA,NA,NA,2015-05-20
NA,NA,NA,NA,NA,2015-05-21
NA,NA,NA,NA,NA,2015-05-22
NA,NA,NA,NA,NA,2015-05-23
NA,NA,NA,NA,NA,2015-05-24
NA,NA,NA,NA,NA,2015-05-25
NA,NA,NA,NA,NA,2015-05-26
NA,NA,NA,NA,NA,2015-05-27
NA,NA,NA,NA,NA,2015-05-28
NA,NA,NA,NA,NA,2015-05-29
NA,NA,NA,NA,NA,2015-05-30
NA,NA,NA,NA,NA,2015-05-31
NA,NA,NA,NA,NA,2015-06-01
NA,NA,NA,NA,NA,2015-06-02
NA,NA,NA,NA,NA,2015-06-03
NA,NA,NA,NA,NA,2015-06-04
NA,NA,NA,NA,NA,2015-06-05
NA,NA,NA,NA,NA,2015-06-06
NA,NA,NA,NA,NA,2015-06-07
NA,NA,NA,NA,NA,2015-06-08
NA,NA,NA,NA,NA,2015-06-09
NA,NA,NA,NA,NA,2015-06-10
NA,NA,NA,NA,NA,2015-06-11
NA,NA,NA,NA,NA,2015-06-12
NA,NA,NA,NA,NA,2015-06-13
NA,NA,NA,NA,NA,2015-06-14
NA,NA,NA,NA,NA,2015-06-15
NA,NA,NA,NA,NA,2015-06-16
NA,NA,NA,NA,NA,2015-06-17
NA,NA,NA,NA,NA,2015-06-18
NA,NA,NA,NA,NA,2015-06-19
NA,NA,NA,NA,NA,2015-06-20
NA,NA,NA,NA,NA,2015-06-21
NA,NA,NA,NA,NA,2015-06-22
NA,NA,NA,NA,NA,2015-06-23
NA,NA,NA,NA,NA,2015-06-24
NA,NA,NA,NA,NA,2015-06-25
NA,NA,NA,NA,NA,2015-06-26
NA,NA,NA,NA,NA,2015-06-27
NA,NA,NA,NA,NA,2015-06-28
NA,NA,NA,NA,NA,2015-06-29
NA,NA,NA,NA,NA,2015-06-30
NA,NA,NA,NA,NA,2015-07-01
NA,NA,NA,NA,NA,2015-07-02
NA,NA,NA,NA,NA,2015-07-03
NA,NA,NA,NA,NA,2015-07-04
NA,NA,NA,NA,NA,2015-07-05
NA,NA,NA,NA,NA,2015-07-06
NA,NA,NA,NA,NA,2015-07-07
NA,NA,NA,NA,NA,2015-07-08
NA,NA,NA,NA,NA,2015-07-09
NA,NA,NA,NA,NA,2015-07-10
NA,NA,NA,NA,NA,2015-07-11
NA,NA,NA,NA,NA,2015-07-12
NA,NA,NA,NA,NA,2015-07-13
NA,NA,NA,NA,NA,2015-07-14
NA,NA,NA,NA,NA,2015-07-15
NA,NA,NA,NA,NA,2015-07-16
NA,NA,NA,NA,NA,2015-07-17
NA,NA,NA,NA,NA,2015-07-18
NA,NA,NA,NA,NA,2015-07-19
NA,NA,NA,NA,NA,2015-07-20
NA,NA,NA,NA,NA,2015-07-21
NA,NA,NA,NA,NA,2015-07-22
NA,NA,NA,NA,NA,2015-07-23
NA,NA,NA,NA,NA,2015-07-24
NA,NA,NA,NA,NA,2015-07-25
NA,NA,NA,NA,NA,2015-07-26
NA,NA,NA,NA,NA,2015-07-27
NA,NA,NA,NA,NA,2015-07-28
1.0155,1.0131,1.0037,1.0085,1.2924,2015-07-29
1.0182,1.0317,1.0127,1.0162,1.1122,2015-07-30
0.99165,1.0111,1.0072,1.0023,0.64536,2015-07-31
1.001,0.9795,1.02,1.0096,0.6648,2015-08-01
0.97668,1.0101,1.0106,0.99887,0.28187,2015-08-02
1.0058,1.0022,1.0123,1.0093,0.8669,2015-08-03
1.0189,1.0186,1.0016,1.0086,1.4545,2015-08-04
1.0162,1.0283,1.019,1.0189,0.94847,2015-08-05
1.027,1.0477,1.014,1.0215,1.2565,2015-08-06
NA,NA,1.0095,NA,NA,2015-08-07
1.0424,1.0529,1.0038,1.021,1.9554,2015-08-08
1.0537,1.0638,1.0319,1.0422,1.3171,2015-08-09
1.0594,1.0783,1.0233,1.0407,1.6015,2015-08-10
1.0524,1.0806,1.0176,1.0351,1.643,2015-08-11
1.0486,1.0565,1.0264,1.0369,1.3529,2015-08-12
NA,NA,NA,NA,NA,2015-08-13
1.0876,1.1272,1.0427,1.0657,1.5656,2015-08-14
NA,NA,NA,NA,NA,2015-08-15
NA,NA,NA,NA,NA,2015-08-16
NA,NA,NA,NA,NA,2015-08-17
1.0255,1.0339,1.0107,1.0183,1.3139,2015-08-18
NA,NA,NA,NA,NA,2015-08-19
0.98966,1.0241,1.0138,1.0057,0.52075,2015-08-20
1.0327,1.0397,1.0185,1.0268,1.2583,2015-08-21
1.0342,1.0544,1.0189,1.0276,1.2749,2015-08-22
0.99023,1.0453,1.0079,1.0044,0.60313,2015-08-23
1.0502,1.0335,1.0151,1.0293,1.6776,2015-08-24
1.0267,1.0472,1.0391,1.0353,0.83654,2015-08-25
1.0399,1.0514,1.0201,1.0303,1.3494,2015-08-26
1.0469,1.0729,1.0159,1.0328,1.5892,2015-08-27
1.0664,1.0731,1.0269,1.0456,1.621,2015-08-28
1.0543,1.0666,1.0281,1.0416,1.4051,2015-08-29
1.06,1.0674,1.0239,1.0417,1.5968,2015-08-30
1.0776,1.0809,1.0217,1.0475,1.9575,2015-08-31
1.0781,1.0834,1.0189,1.047,2.066,2015-09-01
1.0564,1.055,1.0208,1.0376,1.6201,2015-09-02
1.0775,1.1058,1.0474,1.0636,1.3583,2015-09-03
1.1416,1.1205,1.0462,1.0875,2.1521,2015-09-04
1.1481,1.1261,1.0452,1.0897,2.2586,2015-09-05
1.052,1.0625,1.0327,1.043,1.278,2015-09-06
1.0892,1.1062,1.0235,1.0561,2.0911,2015-09-07
1.0523,1.0696,1.0458,1.0505,1.0785,2015-09-08
1.1157,1.1231,1.0521,1.0828,1.7166,2015-09-09
1.0795,1.0918,1.0426,1.0612,1.4664,2015-09-10
1.1441,1.1318,1.0844,1.1109,1.4937,2015-09-11
1.1098,1.0386,1.0751,1.0853,1.3107,2015-09-12
1.0813,1.0844,1.0391,1.06,1.5571,2015-09-13
1.0998,1.1037,1.1054,1.1029,0.96027,2015-09-14
1.0814,1.1196,1.0678,1.0777,1.1302,2015-09-15
1.0891,1.1041,1.0689,1.0801,1.1917,2015-09-16
1.0976,1.1289,1.0956,1.0991,1.0157,2015-09-17
1.1132,1.1511,1.1077,1.1136,1.0382,2015-09-18
1.0948,1.1016,1.093,1.0945,1.0141,2015-09-19
1.081,1.1271,1.096,1.0922,0.88707,2015-09-20
1.1328,1.1578,1.1045,1.1207,1.2008,2015-09-21
1.1234,1.1343,1.0892,1.107,1.2716,2015-09-22
1.1561,1.1717,1.1181,1.1382,1.246,2015-09-23
1.1682,1.1443,1.0932,1.128,1.5776,2015-09-24
1.1112,1.153,1.1083,1.1132,1.0202,2015-09-25
1.096,1.0756,1.1154,1.1037,0.87272,2015-09-26
1.0721,1.1235,1.0762,1.0782,0.96355,2015-09-27
1.1087,1.1192,1.088,1.0995,1.1665,2015-09-28
1.1381,1.14,1.113,1.1259,1.1678,2015-09-29
1.0728,1.075,1.0661,1.0698,1.0654,2015-09-30
1.1323,1.1467,1.0694,1.1024,1.5928,2015-10-01
1.1257,1.1155,1.0835,1.1041,1.3518,2015-10-02
1.1278,1.1136,1.085,1.1056,1.3515,2015-10-03
1.0857,1.1208,1.0541,1.0727,1.3494,2015-10-04
1.0775,1.09,1.0627,1.0721,1.1493,2015-10-05
1.1012,1.1357,1.0713,1.0896,1.2765,2015-10-06
1.0824,1.0997,1.0653,1.0756,1.1675,2015-10-07
1.0812,1.1026,1.1124,1.0975,0.79085,2015-10-08
1.0718,1.115,1.1154,1.0954,0.71348,2015-10-09
1.061,1.0843,1.1009,1.0817,0.71018,2015-10-10
1.0858,1.1239,1.0559,1.0747,1.3236,2015-10-11
1.0362,1.0509,1.0771,1.056,0.64012,2015-10-12
1.0819,1.1201,1.0605,1.0747,1.2202,2015-10-13
1.0689,1.0683,1.0864,1.0768,0.85747,2015-10-14
1.0726,1.1453,1.1085,1.0947,0.75257,2015-10-15
1.1087,1.1403,1.0722,1.0939,1.3354,2015-10-16
1.0675,1.0599,NA,NA,NA,2015-10-17
NA,NA,NA,NA,NA,2015-10-18
NA,NA,1.092,NA,NA,2015-10-19
1.0592,1.0836,1.0867,1.0737,0.77706,2015-10-20
1.084,1.1004,1.1201,1.1016,0.76983,2015-10-21
1.0759,1.12,1.1091,1.0944,0.77188,2015-10-22
1.0796,1.1286,1.1186,1.1011,0.74868,2015-10-23
1.0556,1.0789,1.0859,1.071,0.75316,2015-10-24
1.0881,1.1076,1.0487,1.0717,1.4605,2015-10-25
1.0899,1.0603,1.0453,1.0664,1.5448,2015-10-26
1.0676,1.0742,1.0518,1.0609,1.1786,2015-10-27
1.0491,1.0443,1.0443,1.0466,1.0599,2015-10-28
1.0288,1.0103,1.0527,1.0379,0.73164,2015-10-29
1.09,1.1128,1.0659,1.0812,1.2349,2015-10-30
1.0649,1.0522,1.0425,1.0541,1.2826,2015-10-31
1.0657,1.0671,1.0858,1.0745,0.83597,2015-11-01
1.1004,1.0946,1.0744,1.0885,1.2338,2015-11-02
1.0632,1.0486,1.0638,1.0622,0.99449,2015-11-03
1.0403,1.0492,1.0508,1.0453,0.88066,2015-11-04
NA,NA,NA,NA,NA,2015-11-05
1.0714,1.0758,1.0868,1.0784,0.87503,2015-11-06
1.0846,1.1054,1.0952,1.0908,0.91945,2015-11-07
1.0645,1.0631,1.0592,1.062,1.0546,2015-11-08
1.0762,1.0983,NA,1.0879,NA,2015-11-09
1.0418,1.0832,1.0677,1.056,0.75166,2015-11-10
1.0298,1.0333,1.0128,1.0228,1.3437,2015-11-11
1.026,1.0285,NA,NA,NA,2015-11-12
1.0013,1.0126,1.0421,1.0194,0.48138,2015-11-13
1.0427,1.0456,NA,NA,NA,2015-11-14
NA,NA,NA,NA,NA,2015-11-15
NA,NA,NA,NA,NA,2015-11-16
1.0309,1.0397,1.0166,1.0257,1.269,2015-11-17
1.0265,1.0078,NA,NA,NA,2015-11-18
NA,NA,NA,NA,NA,2015-11-19
1.025,1.0355,1.0256,1.0261,0.99001,2015-11-20
1.0354,1.0595,1.0103,1.0268,1.537,2015-11-21
1.0235,1.0144,1.0457,1.0318,0.73012,2015-11-22
1.0289,1.038,1.0576,1.0414,0.69518,2015-11-23
1.0365,1.097,1.0566,1.0502,0.78414,2015-11-24
1.0126,1.0222,NA,1.0198,NA,2015-11-25
1.0059,1.0015,1.0244,1.013,0.69743,2015-11-26
1.0126,1.0456,1.0224,1.0195,0.83482,2015-11-27
1.0543,1.0705,1.0802,1.0665,0.77794,2015-11-28
1.066,1.0869,1.0737,1.071,0.93072,2015-11-29
1.0232,1.0597,1.0273,1.0281,0.93622,2015-11-30
1.0022,1.0281,1.0286,1.0152,0.59561,2015-12-01
1.0198,1.0069,NA,1.0184,NA,2015-12-02
1.0144,1.0173,1.0104,1.013,1.0862,2015-12-03
0.99931,0.98652,0.99387,0.99586,1.1784,2015-12-04
1.0001,1.0031,1.0111,1.0047,0.76861,2015-12-05
1.0071,1.0231,1.0211,1.0141,0.75737,2015-12-06
1.0174,1.0059,1.0064,1.012,1.2553,2015-12-07
1.0092,1.0095,1.0092,1.0092,1.0005,2015-12-08
1.0296,1.0228,1.0425,1.034,0.83728,2015-12-09
1.0556,1.0947,1.0078,1.0393,2.0774,2015-12-10
0.99041,NA,1.0026,NA,0.68961,2015-12-11
1.0286,1.0461,1.0084,1.0218,1.4471,2015-12-12
0.99649,1.0047,1.0083,1.0019,0.73769,2015-12-13
1.0095,1.0152,1.0103,1.0104,0.98269,2015-12-14
1.0113,1.0106,1.0249,1.0167,0.77929,2015-12-15
1.0148,1.0259,1.0092,1.0137,1.1222,2015-12-16
0.99471,0.9974,1.0212,1.0051,0.54138,2015-12-17
1.0328,1.0293,1.0167,1.0262,1.3016,2015-12-18
1.0288,1.0282,1.004,1.0188,1.6112,2015-12-19
1.0082,1.0085,1.0051,1.007,1.0741,2015-12-20
0.98942,1.0026,1.0031,0.99591,0.65537,2015-12-21
0.99923,1.0016,1.0015,1.0003,0.93991,2015-12-22
1.0074,1.006,1.0062,1.0068,1.0275,2015-12-23
1.0129,1.0113,1.0116,1.0122,1.0287,2015-12-24
0.99015,1.0119,0.99666,0.99485,0.80436,2015-12-25
1.0144,1.018,1.0097,1.0129,1.1014,2015-12-26
1.0081,1.0097,1.0099,1.009,0.95975,2015-12-27
0.99561,0.99693,0.98601,0.99186,1.4241,2015-12-28
0.99995,1.0099,1.0003,1.001,0.99086,2015-12-29
0.9951,1.0081,1.0034,0.99949,0.79284,2015-12-30
0.99715,NA,1.0073,NA,0.76848,2015-12-31
1.0163,1.0137,1.0144,1.0153,1.0366,2016-01-01
1.014,1.0163,1.0168,1.0153,0.94736,2016-01-02
1.0104,1.0158,0.99532,1.0044,1.471,2016-01-03
1.0031,1.011,1.0075,1.0056,0.8995,2016-01-04
1.0036,1.0095,1.0076,1.0057,0.90964,2016-01-05
1.0097,1.0015,1.0109,1.0095,0.97435,2016-01-06
1.0206,1.0164,1.0008,1.0121,1.531,2016-01-07
0.99193,1.0029,NA,NA,NA,2016-01-08
0.99233,0.99326,0.99316,0.99274,0.97221,2016-01-09
1.0026,1.0099,1.0056,1.0045,0.92888,2016-01-10
1.0047,1.0131,1.0153,1.0097,0.79632,2016-01-11
1.0152,1.0133,1.001,1.0092,1.3788,2016-01-12
0.99765,1.0027,1.0101,1.0031,0.73315,2016-01-13
0.98602,0.9894,1.0055,0.994,0.53748,2016-01-14
0.98641,0.99712,1.002,0.99354,0.59685,2016-01-15
1.0007,0.99035,1.0048,1.0014,0.90153,2016-01-16
1.0047,1.0036,1.001,1.0031,1.0982,2016-01-17
1.0071,0.99923,1.0052,1.0056,1.0454,2016-01-18
0.98469,1.0011,1.0055,0.9947,0.50562,2016-01-19
1.0018,0.99878,NA,NA,NA,2016-01-20
NA,NA,NA,NA,NA,2016-01-21
NA,NA,NA,NA,NA,2016-01-22
NA,NA,NA,NA,NA,2016-01-23
0.99124,1.0044,1.0052,0.9981,0.6669,2016-01-24
1.0093,1.0104,1.0101,1.0097,0.98344,2016-01-25
0.99926,0.99949,1.0062,1.0021,0.83715,2016-01-26
1.0003,0.99688,1.0186,1.0078,0.6688,2016-01-27
1.0109,1.0063,0.98118,0.99881,2.6713,2016-01-28
0.99239,1.005,1.0092,1.0002,0.63248,2016-01-29
1.0091,1.0108,0.99669,1.004,1.3729,2016-01-30
1.0122,1.0042,0.99476,1.0041,1.5566,2016-01-31
0.99754,0.99143,0.99499,0.99595,1.0808,2016-02-01
0.9912,1.0074,0.99918,0.99602,0.777,2016-02-02
1.0138,1.0023,NA,NA,NA,2016-02-03
NA,NA,NA,NA,NA,2016-02-04
NA,NA,NA,NA,NA,2016-02-05
NA,NA,NA,NA,NA,2016-02-06
NA,NA,NA,NA,NA,2016-02-07
NA,NA,NA,NA,NA,2016-02-08
0.99686,1.013,1.0087,1.0034,0.73813,2016-02-09
NA,NA,NA,NA,NA,2016-02-10
NA,NA,NA,NA,NA,2016-02-11
1.0001,1.0003,NA,NA,NA,2016-02-12
NA,NA,NA,NA,NA,2016-02-13
NA,NA,NA,NA,NA,2016-02-14
0.99551,0.98878,0.98161,0.98865,1.7618,2016-02-15
0.99736,0.99541,1.0033,0.99956,0.85062,2016-02-16
1.0081,1.0272,1.0131,1.012,0.8985,2016-02-17
0.99632,0.9911,1.0067,1.0005,0.76076,2016-02-18
0.996,0.99502,0.98736,0.99198,1.3601,2016-02-19
1.0029,0.99777,0.99478,0.99879,1.2582,2016-02-20
0.99813,1.0059,0.99157,0.99589,1.2328,2016-02-21
0.99539,0.98546,0.98633,0.99048,1.3947,2016-02-22
0.99168,0.99467,0.99071,0.99148,1.0356,2016-02-23
0.99991,1.002,1.0064,1.003,0.84989,2016-02-24
0.99608,1.0026,0.9966,0.99685,0.98445,2016-02-25
0.99963,1.0127,1.0035,1.0026,0.90241,2016-02-26
1.0146,1.0327,1.0068,1.0125,1.1798,2016-02-27
1.0054,1.0084,1.0006,1.0034,1.1302,2016-02-28
0.97485,0.98944,1.0119,0.99282,0.23622,2016-02-29
1.0125,1.0227,1.0131,1.0137,0.98707,2016-03-01
1.0144,1.0231,1.013,1.0145,1.0285,2016-03-02
0.99782,0.99063,1.0096,1.0027,0.74546,2016-03-03
1.0022,1.0111,1.0005,1.0021,1.0437,2016-03-04
0.99525,0.98688,0.99753,0.99565,0.93327,2016-03-05
1.0014,1.0002,1.0002,1.0007,1.0325,2016-03-06
0.99466,0.99974,1.0019,0.99851,0.81293,2016-03-07
1.0029,1.0037,1.0082,1.0055,0.88144,2016-03-08
1.001,1,1.0027,1.0017,0.95792,2016-03-09
0.96839,0.98009,1.0022,0.98551,0.12901,2016-03-10
1.0019,0.99386,1.0028,1.0017,0.97641,2016-03-11
1.0076,0.99938,0.99595,1.0014,1.3571,2016-03-12
0.9855,0.99638,0.99086,0.98895,0.80506,2016-03-13
1.0059,1.0043,1.0068,1.0062,0.97778,2016-03-14
1.0021,1.008,1.0008,1.002,1.0349,2016-03-15
1.0098,1.0125,1.0028,1.0067,1.1774,2016-03-16
0.99966,1.0012,1.0069,1.003,0.83337,2016-03-17
0.99634,0.99782,0.98887,0.99278,1.293,2016-03-18
0.98689,0.98445,0.98434,0.98543,1.1215,2016-03-19
0.99967,0.99707,0.99747,0.99838,1.0647,2016-03-20
1.0004,0.99039,1.0025,1.0006,0.94777,2016-03-21
1.0117,1.0175,1.0131,1.0129,0.97067,2016-03-22
1.0136,0.99949,1.0069,1.0091,1.1549,2016-03-23
0.99245,1.0157,1.0037,1.0001,0.72084,2016-03-24
1.0047,1.0098,0.99844,1.0019,1.1789,2016-03-25
0.98793,0.96829,0.97841,0.98144,1.6328,2016-03-26
1.0031,0.99851,1.0037,1.003,0.98635,2016-03-27
1.0038,1.0055,1.0031,1.0036,1.0158,2016-03-28
0.98169,1.0031,1.0165,1.0016,0.34451,2016-03-29
1.0156,1.0149,1.0175,1.0165,0.96417,2016-03-30
0.99912,0.98669,1.0041,1.0007,0.87848,2016-03-31
0.99633,1.0083,0.99552,0.99688,1.0251,2016-04-01
1.0049,1.0004,1.007,1.0056,0.95351,2016-04-02
1.0022,0.99573,0.98953,0.99507,1.486,2016-04-03
0.98135,0.99276,1.0002,0.99245,0.48841,2016-04-04
1.0004,0.99663,0.99174,0.99544,1.3041,2016-04-05
0.9872,0.97935,0.98817,0.98704,0.96111,2016-04-06
0.97651,0.99789,0.98936,0.98498,0.5057,2016-04-07
0.9976,0.98777,0.99181,0.99371,1.2035,2016-04-08
1.0346,1.0277,1.0088,1.0201,1.5701,2016-04-09
1,0.98013,0.99103,0.9935,1.3253,2016-04-10
0.99119,0.97742,0.99791,0.99355,0.80526,2016-04-11
1.0097,1.0079,1.0055,1.0072,1.1008,2016-04-12
1.0033,1.0011,1.0124,1.008,0.81543,2016-04-13
1.0134,1.0085,1.0069,1.0095,1.1507,2016-04-14
1.006,1.0163,0.99786,1.0025,1.2372,2016-04-15
1.0016,0.99966,1.0151,1.0086,0.73866,2016-04-16
0.99094,1.0026,0.98328,0.98788,1.3848,2016-04-17
0.98413,0.99479,0.98995,0.98824,0.78069,2016-04-18
1.0039,0.99615,1.0019,1.0021,1.0514,2016-04-19
1.0071,NA,1.0006,NA,1.1722,2016-04-20
0.96338,1.0024,1.0152,0.99542,0,2016-04-21
0.99811,0.99432,1.0066,1.0025,0.80428,2016-04-22
0.99963,0.99828,1.006,1.003,0.8516,2016-04-23
0.99882,1.0013,1.0027,1.0011,0.90211,2016-04-24
0.99155,1.0102,1.005,1.0006,0.67706,2016-04-25
0.99653,1.0048,1.0148,1.0076,0.64504,2016-04-26
0.9844,0.99223,0.9999,0.99356,0.57572,2016-04-27
1.0036,0.99807,1.0041,1.0034,0.98686,2016-04-28
1.0001,1.0029,1.0095,1.0057,0.796,2016-04-29
1.0011,1.0043,0.99658,0.99884,1.1348,2016-04-30
1.0061,1.0047,0.99582,1.0004,1.3177,2016-05-01
1.0002,1.006,1.011,1.0069,0.77296,2016-05-02
1.0013,0.99692,1.0039,1.0024,0.93531,2016-05-03
0.99944,1.0138,0.99026,0.99544,1.3414,2016-05-04
0.98756,0.97555,0.9775,0.98072,1.7118,2016-05-05
0.99654,0.99645,0.99769,0.99719,0.96659,2016-05-06
1.0073,0.99589,1,1.002,1.1985,2016-05-07
1.0069,1.021,1.005,1.0071,1.0437,2016-05-08
1.0049,1.0035,1.0101,1.0078,0.88814,2016-05-09
1.0024,0.99275,1.009,1.0053,0.85574,2016-05-10
1.0113,0.99794,1.0045,1.0061,1.1658,2016-05-11
1.0015,1.0209,1.0053,1.0055,0.91,2016-05-12
1.0186,1.0033,1.0009,1.0067,1.4732,2016-05-13
1.0073,1.0006,1.003,1.0042,1.1073,2016-05-14
0.99376,0.98697,0.99549,0.99411,0.94595,2016-05-15
1.0027,1.001,1.004,1.0033,0.96705,2016-05-16
0.99832,0.98302,0.99769,0.99643,1.0184,2016-05-17
1.0081,1.0047,0.99126,0.9979,1.6054,2016-05-18
0.98438,1.0019,0.99639,0.99297,0.63621,2016-05-19
0.99916,0.99452,0.99869,0.9984,1.0133,2016-05-20
0.99778,0.98289,0.97994,0.98595,2.0764,2016-05-21
0.9927,0.99735,0.99386,0.99384,0.96188,2016-05-22
1.0027,1.0137,1.0067,1.0062,0.90838,2016-05-23
1.0269,1.012,1.0012,1.0101,1.6785,2016-05-24
0.98854,0.99819,0.99486,0.99321,0.79929,2016-05-25
1.0181,0.99378,0.99797,1.0038,1.5815,2016-05-26
1.0034,1.0045,1.0053,1.0046,0.95585,2016-05-27
1.0193,1.0204,1.005,1.0108,1.3443,2016-05-28
0.99801,0.99797,1.0004,0.99942,0.93443,2016-05-29
1.0067,1.0029,0.99517,0.99945,1.3638,2016-05-30
1.001,1.0162,1.0137,1.0101,0.74698,2016-05-31
0.99851,0.99542,0.99494,0.99607,1.1133,2016-06-01
0.99161,0.99457,1.0106,1.0032,0.59764,2016-06-02
0.99844,0.99471,1.0074,1.0032,0.79652,2016-06-03
NA,NA,NA,NA,NA,2016-06-04
NA,NA,NA,NA,NA,2016-06-05
NA,NA,NA,NA,NA,2016-06-06
NA,NA,NA,NA,NA,2016-06-07
NA,NA,NA,NA,NA,2016-06-08
1.0058,1.0091,1.0082,1.0075,0.94704,2016-06-09
0.99949,1.0049,1.0008,1.0008,0.96518,2016-06-10
1.0109,1.012,1.0019,1.0056,1.236,2016-06-11
1.0074,1.0011,0.99646,1.0002,1.3308,2016-06-12
0.99923,1.0067,0.99043,0.99466,1.3251,2016-06-13
1.0342,1.0106,NA,NA,NA,2016-06-14
0.99694,0.99515,1.0201,1.0107,0.5917,2016-06-15
0.97727,0.99769,1.0123,1.0004,0.28382,2016-06-16
1.0168,1.0218,1.0033,1.009,1.3395,2016-06-17
1.0078,1.0011,1.0007,1.0028,1.1894,2016-06-18
0.99846,1.0157,0.99748,0.99964,1.0287,2016-06-19
0.98534,0.99169,0.99278,0.99046,0.74689,2016-06-20
1.0009,1.0012,1.0059,1.004,0.88273,2016-06-21
1.003,0.99465,1.0001,1.0005,1.0794,2016-06-22
0.96668,0.98628,1.0002,0.98906,0.089744,2016-06-23
0.9929,0.99886,0.99056,0.99209,1.0862,2016-06-24
1.0074,1.008,1.0057,1.0064,1.042,2016-06-25
0.9996,0.98055,0.99787,0.99663,1.0501,2016-06-26
1.0012,1.0092,0.99396,0.99767,1.237,2016-06-27
1.0177,1.0012,0.99535,1.0027,1.6993,2016-06-28
1.0146,1.0169,1.0047,1.009,1.2394,2016-06-29
0.99498,0.99211,0.99492,0.99466,1.0017,2016-06-30
1.0104,1.004,1.0047,1.0063,1.1378,2016-07-01
0.99727,1.0003,0.99106,0.99386,1.2244,2016-07-02
0.99753,1.0066,0.99321,0.99598,1.1449,2016-07-03
1.0045,1.0114,0.99465,0.99942,1.3155,2016-07-04
1.0081,1.0089,0.99635,1.0012,1.3575,2016-07-05
0.98877,1.0026,0.99573,0.99432,0.7847,2016-07-06
1.0038,0.99809,1.0011,1.0016,1.0713,2016-07-07
1.0148,1.0011,0.99769,1.0032,1.4977,2016-07-08
1.0025,1.0106,1.0036,1.004,0.97218,2016-07-09
0.98291,0.99769,1.0025,0.99613,0.49904,2016-07-10
1.0072,1.0063,1.0054,1.006,1.0433,2016-07-11
0.99567,0.99245,0.99682,0.99602,0.96562,2016-07-12
0.99659,1.0017,0.99388,0.9955,1.0891,2016-07-13
0.99935,0.99517,0.99672,0.99737,1.0787,2016-07-14
1.0073,0.99534,1.0177,1.0123,0.80881,2016-07-15
1.004,0.99699,0.9987,1.0001,1.1512,2016-07-16
1.0107,0.9899,0.99659,1.0005,1.4243,2016-07-17
1.0093,1.0117,0.99924,1.0036,1.2816,2016-07-18
1.0126,1.0291,1.0031,1.0085,1.2391,2016-07-19
0.99514,0.98817,1.0109,1.0039,0.66807,2016-07-20
0.99135,1.0017,0.99419,0.99402,0.90793,2016-07-21
1.0023,1.0101,1.0054,1.0049,0.92591,2016-07-22
0.99717,1.0032,0.99212,0.99473,1.1758,2016-07-23
1.0013,1.0063,1.0117,1.0079,0.78635,2016-07-24
1.0006,0.99817,1.0077,1.0045,0.83962,2016-07-25
1.0045,1.0179,1.007,1.0073,0.94439,2016-07-26
0.99612,0.99715,0.99619,0.99626,0.99781,2016-07-27
1.0111,1.0133,1.0095,1.0104,1.0347,2016-07-28
1.0056,1.0446,1.0201,1.0178,0.74511,2016-07-29
1.0122,1.016,1.0112,1.012,1.0208,2016-07-30
1.0124,1.015,1.0167,1.0152,0.9186,2016-07-31
1.0019,0.9999,1.0074,1.0048,0.87526,2016-08-01
1.0086,0.99695,0.99537,0.99992,1.4135,2016-08-02
1.0072,1.0078,0.99642,1.0009,1.3254,2016-08-03
0.99646,1.008,1.005,1.0024,0.79462,2016-08-04
1.0138,1.008,1.0005,1.0055,1.3568,2016-08-05
1.0099,1.0009,1.008,1.0079,1.0428,2016-08-06
1.0088,1.0051,1.0006,1.0039,1.2189,2016-08-07
1.0021,1.0021,1.0013,1.0016,1.0205,2016-08-08
1.0176,1.0071,0.99471,1.0036,1.7294,2016-08-09
1.008,1.0275,1.0119,1.012,0.92055,2016-08-10
0.99538,1.0229,1.0067,1.0042,0.73832,2016-08-11
1.0071,1,1.0047,1.0051,1.0568,2016-08-12
0.99809,1.0075,0.99996,0.99996,0.94886,2016-08-13
1.0112,1.0132,1.0037,1.0072,1.1852,2016-08-14
0.99414,1.0036,1.001,0.99881,0.8175,2016-08-15
1.0036,1.0111,1.0125,1.0093,0.81932,2016-08-16
1.0097,1.0079,1.0039,1.0063,1.1428,2016-08-17
1.0065,1.0139,0.99337,1.0001,1.4392,2016-08-18
NA,NA,NA,NA,NA,2016-08-19
NA,NA,NA,NA,NA,2016-08-20
NA,NA,NA,NA,NA,2016-08-21
NA,NA,NA,NA,NA,2016-08-22
1.0041,1.0051,0.99957,1.0018,1.1261,2016-08-23
1.0335,1.0443,1.0199,1.027,1.24,2016-08-24
1.0499,1.0432,1.0256,1.036,1.3899,2016-08-25
1.0418,1.0804,1.023,1.0348,1.3152,2016-08-26
1.0554,1.0559,1.0143,1.0334,1.8062,2016-08-27
1.0433,1.0676,1.0059,1.0255,1.8794,2016-08-28
1.0856,1.0562,1.0081,1.0407,2.732,2016-08-29
1.0696,1.0432,1.0159,1.0385,2.025,2016-08-30
1.0986,1.0528,1.0206,1.0529,2.3644,2016-08-31
1.131,1.1096,1.0328,1.0772,2.4142,2016-09-01
1.068,1.1129,1.026,1.0497,1.6715,2016-09-02
1.0932,1.0812,1.0191,1.0531,2.3286,2016-09-03
NA,NA,NA,NA,NA,2016-09-04
NA,NA,NA,NA,NA,2016-09-05
NA,NA,1.0439,NA,NA,2016-09-06
1.0825,1.0884,1.0198,1.0503,2.1111,2016-09-07
1.0512,1.0487,1.016,1.0331,1.6712,2016-09-08
1.0498,1.0227,1.0042,1.0239,2.1137,2016-09-09
1.0526,1.0484,1.007,1.0288,2.0445,2016-09-10
1.0554,1.043,1.0145,1.0334,1.7988,2016-09-11
1.0418,1.0236,1.0122,1.025,1.6071,2016-09-12
1.0434,1.0193,1.0122,1.0251,1.6398,2016-09-13
1.0087,1.0011,1.0084,1.0079,1.0066,2016-09-14
1.0471,1.0343,1.0097,1.0268,1.8085,2016-09-15
1.0273,1.0467,1.0144,1.0225,1.2532,2016-09-16
1.0373,1.032,1.0137,1.0251,1.4695,2016-09-17
1.0295,1.0018,1.0045,1.0147,1.6091,2016-09-18
1.0573,1.0263,1.0013,1.0265,2.4747,2016-09-19
1.0316,1.0494,1.0172,1.0259,1.2693,2016-09-20
1.0474,1.0518,1.0227,1.0356,1.4162,2016-09-21
1.024,1.0232,1.0323,1.0279,0.88015,2016-09-22
1.0592,1.0639,1.015,1.0372,1.8564,2016-09-23
1.0527,1.0408,1.0184,1.0348,1.6236,2016-09-24
1.0566,1.0269,1.0221,1.0369,1.5892,2016-09-25
1.0445,1.0268,1.0167,1.0293,1.5213,2016-09-26
1.0615,1.0722,1.0322,1.0477,1.4259,2016-09-27
1.0733,1.1025,1.0489,1.0641,1.2853,2016-09-28
1.0939,1.1004,1.0534,1.0748,1.4502,2016-09-29
1.1081,1.0768,1.0286,1.0652,2.2167,2016-09-30
1.0944,1.1092,1.0574,1.0776,1.3942,2016-10-01
1.0749,1.0631,1.0455,1.06,1.3574,2016-10-02
1.102,1.0703,1.056,1.0771,1.4966,2016-10-03
1.1016,1.1145,1.065,1.0852,1.3602,2016-10-04
1.0967,1.1104,1.0804,1.0901,1.1389,2016-10-05
1.0821,1.0767,1.0809,1.0811,1.0099,2016-10-06
1.0538,1.1002,1.0515,1.0565,1.0258,2016-10-07
1.1205,1.1096,1.056,1.0889,1.6959,2016-10-08
1.0627,1.0979,1.0744,1.0708,0.89429,2016-10-09
1.1048,1.0482,1.0848,1.0903,1.1643,2016-10-10
1.093,1.085,1.0679,1.0804,1.2399,2016-10-11
1.0995,1.0905,1.0965,1.0974,1.0223,2016-10-12
1.1178,1.1502,1.0968,1.1108,1.1575,2016-10-13
1.0982,1.1148,1.0957,1.0984,1.0192,2016-10-14
1.0634,1.1004,1.1096,1.087,0.68425,2016-10-15
1.0964,1.1714,1.1157,1.1112,0.87326,2016-10-16
1.0771,1.0342,1.0845,1.0763,0.93884,2016-10-17
1.0975,1.1021,1.0719,1.086,1.2359,2016-10-18
NA,NA,1.087,NA,NA,2016-10-19
1.059,1.0983,1.0739,1.069,0.86508,2016-10-20
1.1117,1.089,1.0965,1.1027,1.1138,2016-10-21
1.0957,1.0815,1.0954,1.0943,1.0018,2016-10-22
NA,NA,NA,NA,NA,2016-10-23
NA,NA,NA,NA,NA,2016-10-24
NA,NA,NA,NA,NA,2016-10-25
NA,NA,NA,NA,NA,2016-10-26
NA,NA,NA,NA,NA,2016-10-27
NA,NA,NA,NA,NA,2016-10-28
NA,NA,NA,NA,NA,2016-10-29
1.1002,1.1362,1.1265,1.1147,0.83879,2016-10-30
1.1247,1.1053,1.1559,1.1363,0.83797,2016-10-31
1.1692,1.1344,1.1375,1.1521,1.182,2016-11-01
1.1223,1.1193,1.1264,1.1238,0.97461,2016-11-02
1.1335,1.1442,1.1109,1.1247,1.1536,2016-11-03
1.1009,1.0608,1.0569,1.0779,1.4713,2016-11-04
1.0923,1.0756,1.0922,1.0908,1.0009,2016-11-05
1.0871,1.0994,1.064,1.0779,1.2298,2016-11-06
1.0834,1.0917,1.0751,1.0804,1.0735,2016-11-07
1.1035,1.1364,1.1239,1.1149,0.87312,2016-11-08
1.1439,1.1434,1.139,1.1418,1.0279,2016-11-09
1.1365,1.1284,1.0777,1.1106,1.5141,2016-11-10
1.0527,1.0795,1.0676,1.0612,0.85758,2016-11-11
1.0853,1.0893,1.0638,1.0766,1.214,2016-11-12
1.0628,1.0663,1.0629,1.0631,0.99953,2016-11-13
1.0787,1.0667,1.0801,1.0782,0.98733,2016-11-14
1.1033,1.0789,1.087,1.0942,1.1314,2016-11-15
1.1075,1.0943,1.0439,1.0787,1.7902,2016-11-16
1.0529,1.0478,1.0881,1.0668,0.71825,2016-11-17
1.1149,1.1295,1.0732,1.0986,1.3801,2016-11-18
1.0727,1.0761,NA,1.0764,NA,2016-11-19
1.0884,1.1212,1.0787,1.0873,1.0839,2016-11-20
1.0638,1.0706,1.1236,1.0886,0.62661,2016-11-21
1.1243,1.1594,1.102,1.1183,1.1615,2016-11-22
1.1163,1.1189,1.0918,1.1066,1.1904,2016-11-23
1.1012,1.1279,1.1133,1.1086,0.91878,2016-11-24
1.1037,1.1218,1.1113,1.1084,0.9485,2016-11-25
1.1066,1.1856,1.1897,1.1465,0.63265,2016-11-26
1.1206,1.157,1.1054,1.1173,1.1071,2016-11-27
1.0913,1.1527,1.1111,1.1044,0.8657,2016-11-28
1.0681,1.1013,1.0387,1.0588,1.3905,2016-11-29
1.0427,1.0652,1.0965,1.0656,0.59594,2016-11-30
1.0874,1.0881,1.1003,1.0928,0.90569,2016-12-01
1.0334,NA,1.0279,NA,1.0845,2016-12-02
1.0177,1.0155,1.0308,1.0226,0.80602,2016-12-03
1.0249,1.0269,1.0419,1.0319,0.78292,2016-12-04
1.0287,1.0575,1.0189,1.0273,1.1747,2016-12-05
1.0272,1.0185,1.035,1.0295,0.89043,2016-12-06
1.058,1.0704,1.0685,1.0634,0.89985,2016-12-07
1.0606,1.0541,1.024,1.0453,1.6035,2016-12-08
1.042,1.0386,1.0309,1.0372,1.1636,2016-12-09
1.0433,1.0587,1.0881,1.0624,0.64114,2016-12-10
1.1163,1.1015,1.0621,1.0934,1.5484,2016-12-11
1.1075,1.1086,1.0898,1.1005,1.1399,2016-12-12
1.096,1.113,NA,1.0902,NA,2016-12-13
1.0995,NA,1.0784,1.0894,1.1832,2016-12-14
1.058,1.0522,1.0214,1.0427,1.6304,2016-12-15
1.0308,1.0555,1.0486,1.04,0.79144,2016-12-16
1.0359,1.0414,1.0282,1.0335,1.1177,2016-12-17
1.0167,1.0221,1.0509,1.0303,0.60969,2016-12-18
1.0078,1.0253,1.0192,1.0138,0.79581,2016-12-19
1.0355,1.0268,1.0228,1.0297,1.2148,2016-12-20
1,1.0051,1.0143,1.006,0.71882,2016-12-21
1.0022,1.0014,0.99813,1.0006,1.1183,2016-12-22
1.0028,1.0071,1.031,1.0146,0.58233,2016-12-23
1.026,1.0294,1.0149,1.0217,1.216,2016-12-24
1.0077,1.022,1.006,1.0084,1.04,2016-12-25
1.0287,1.0132,1.0097,1.02,1.4082,2016-12-26
1.0241,1.0123,1.0286,1.0248,0.93118,2016-12-27
1.0303,1.0433,1.0285,1.0308,1.0283,2016-12-28
1.0013,1.0027,1.0103,1.005,0.80818,2016-12-29
1.013,1.0175,1.0114,1.0128,1.0328,2016-12-30
1.0125,1.0157,1.0234,1.0171,0.81888,2016-12-31
1.0069,1.0032,1.0112,1.0083,0.91033,2017-01-01
1.0141,1.007,0.99653,1.0064,1.5293,2017-01-02
1.0088,0.99785,1.005,1.0063,1.0933,2017-01-03
0.99148,1.0041,0.99556,0.99422,0.87336,2017-01-04
1.0227,1.0052,1.0001,1.0119,1.6129,2017-01-05
1.0099,1.0024,1.0079,1.0084,1.0468,2017-01-06
1.0139,1.0126,1.0046,1.01,1.2275,2017-01-07
1.0029,1.0015,1.0002,1.0017,1.0713,2017-01-08
1.0031,0.99752,1.0219,1.0101,0.67865,2017-01-09
1.0336,1.0489,1.0862,1.0561,0.57177,2017-01-10
1.0692,1.1019,1.0597,1.0683,1.0991,2017-01-11
1.0603,1.0372,1.0353,1.0482,1.3471,2017-01-12
1.023,1.0321,0.99933,1.0141,1.6592,2017-01-13
1.0115,1.0131,1.0089,1.0106,1.0578,2017-01-14
1.002,1.0136,1.0137,1.0075,0.76808,2017-01-15
1.0173,1.0089,1.0075,1.0125,1.2237,2017-01-16
1.0219,1.0459,1.0179,1.0223,1.0737,2017-01-17
0.99436,1.0037,1.004,0.99914,0.76205,2017-01-18
1.0141,1.0268,1.0361,1.0242,0.69685,2017-01-19
1.0389,1.0303,1.0365,1.0371,1.0326,2017-01-20
1.0067,1.0051,1.0014,1.0043,1.1392,2017-01-21
1.0043,1.0085,1.0042,1.0046,1.0043,2017-01-22
1.0019,NA,NA,NA,NA,2017-01-23
NA,NA,NA,NA,NA,2017-01-24
NA,NA,NA,NA,NA,2017-01-25
1.002,1.0156,1.0077,1.0055,0.87114,2017-01-26
0.99698,1.0162,1.0011,1.0004,0.89013,2017-01-27
1.0205,1.0194,1.0067,1.0146,1.3193,2017-01-28
1.0023,0.99311,1.0076,1.0037,0.87996,2017-01-29
0.98611,1.006,1.0134,0.99927,0.45427,2017-01-30
1.0155,0.99904,0.99455,1.0052,1.6736,2017-01-31
1.002,1.0011,1.0098,1.0052,0.83265,2017-02-01
1.0228,1.0125,1.0101,1.0164,1.2708,2017-02-02
0.99347,0.98198,0.99539,0.99331,0.94008,2017-02-03
1.0081,1.004,1.0126,1.0097,0.90968,2017-02-04
1.0031,1.0036,1.0044,1.0037,0.96962,2017-02-05
1.0055,0.9988,1.005,1.0047,1.013,2017-02-06
0.99124,0.99393,0.99937,0.99495,0.77395,2017-02-07
0.99795,0.99482,1.007,1.0016,0.79322,2017-02-08
1.003,1.002,0.99915,1.0012,1.1078,2017-02-09
0.986,0.99922,0.98903,0.98845,0.88187,2017-02-10
1.002,0.99678,1.0018,1.0015,1.0057,2017-02-11
1.0054,1.007,0.99847,1.0025,1.197,2017-02-12
1.0049,1.0047,0.99964,1.0025,1.1436,2017-02-13
1.0046,0.99676,1.021,1.0113,0.71553,2017-02-14
1.0034,1.0072,1.0118,1.0075,0.82755,2017-02-15
NA,NA,0.99819,NA,NA,2017-02-16
1.0051,1.0095,0.99946,1.0029,1.157,2017-02-17
1.0032,0.99887,0.99564,0.99938,1.2331,2017-02-18
1.001,1.0012,1.0023,1.0016,0.96611,2017-02-19
1.0016,1.004,1.0023,1.0021,0.98074,2017-02-20
1.0217,1.008,1.0022,1.0118,1.5044,2017-02-21
0.98889,0.98869,0.99975,0.99377,0.70139,2017-02-22
1.0011,1.0036,1.0043,1.0028,0.92203,2017-02-23
0.99879,1.0064,1.003,1.0014,0.89336,2017-02-24
1.0264,1.0169,1.0006,1.0137,1.6921,2017-02-25
1.0046,1.0036,1.0023,1.0034,1.0585,2017-02-26
0.98448,0.9831,0.99961,0.99142,0.5824,2017-02-27
0.99336,1.0025,1.0136,1.0036,0.59668,2017-02-28
1.0041,1.0096,1.0062,1.0055,0.95223,2017-03-01
0.9996,1.0031,1.0073,1.0035,0.82419,2017-03-02
0.98778,0.99674,0.98062,0.98505,1.4155,2017-03-03
1.0138,1.0124,1.0035,1.0088,1.2585,2017-03-04
0.99094,1.0067,1.0066,0.99958,0.63785,2017-03-05
1.0093,1.001,0.9817,0.9956,2.5083,2017-03-06
1.0164,1.006,1.0172,1.0159,0.98442,2017-03-07
0.99756,0.99405,1.0035,1.0001,0.85173,2017-03-08
0.99425,0.99075,1.0019,0.9976,0.80227,2017-03-09
0.98536,0.99211,1.0005,0.99336,0.5918,2017-03-10
1.0114,1.009,1.0069,1.0091,1.1013,2017-03-11
1.0004,1.0134,1.0007,1.0016,0.99252,2017-03-12
1.0062,1.0013,1.0038,1.0046,1.0576,2017-03-13
1.0121,1.0013,1.0119,1.0111,1.0059,2017-03-14
0.99727,1.0046,0.99622,0.99735,1.032,2017-03-15
1.0039,1.0073,0.99356,0.99912,1.3431,2017-03-16
0.98637,1.0004,1.0008,0.99461,0.61475,2017-03-17
1.0142,1.0152,1.0104,1.0124,1.0822,2017-03-18
0.99146,1.0136,0.99794,0.99649,0.81259,2017-03-19
1.0022,0.99801,0.99863,1.0001,1.1011,2017-03-20
1.0078,0.98837,0.99712,1.001,1.316,2017-03-21
0.99779,0.99658,0.99614,0.99684,1.0504,2017-03-22
0.99201,0.99787,1.0022,0.99764,0.73688,2017-03-23
1.0039,0.97735,0.99764,0.99851,1.1822,2017-03-24
1.0111,1.0213,0.99819,1.0054,1.3712,2017-03-25
1.0037,0.99275,0.99376,0.9978,1.3279,2017-03-26
0.99781,1.0054,1.0002,0.99966,0.93455,2017-03-27
0.99916,0.98482,0.99066,0.99356,1.3116,2017-03-28
1.0106,1.0135,1.0022,1.0066,1.216,2017-03-29
0.9911,1.0018,0.99849,0.9958,0.78947,2017-03-30
1.0209,1.0118,1.0081,1.0135,1.2863,2017-03-31
1.0078,1.0079,1.0061,1.007,1.0398,2017-04-01
1.0138,1.0141,1.0005,1.0071,1.3587,2017-04-02
0.99559,0.99747,0.99822,0.99711,0.92438,2017-04-03
1.0025,0.99934,0.99397,0.99775,1.2785,2017-04-04
1.0194,0.99483,0.99558,1.0052,1.7396,2017-04-05
0.9931,1.0008,1.0007,0.99768,0.79726,2017-04-06
0.99536,1.0051,0.99989,0.99852,0.87582,2017-04-07
0.98076,0.96741,0.98526,0.98198,0.79471,2017-04-08
0.99248,0.9926,0.9985,0.99573,0.82858,2017-04-09
1.0054,1.0036,1.0092,1.0072,0.91695,2017-04-10
0.99846,1.0029,0.99977,0.99954,0.96405,2017-04-11
1.0009,0.99958,1.0028,1.0018,0.95204,2017-04-12
1.0107,1.0055,1.0067,1.0081,1.0911,2017-04-13
1.0057,1.0061,1.0005,1.0029,1.1394,2017-04-14
1,1.0106,1.0035,1.0028,0.91204,2017-04-15
1.0066,0.99732,1.0001,1.0023,1.1757,2017-04-16
1.0067,0.99449,1.0102,1.0075,0.92649,2017-04-17
0.99926,0.99794,1.0101,1.0051,0.76846,2017-04-18
1.0037,1.0101,1.0037,1.0043,0.9996,2017-04-19
1.0027,1.009,0.99961,1.0016,1.0851,2017-04-20
1.0023,0.99905,0.99507,0.99809,1.2276,2017-04-21
0.99406,0.99682,1.0001,0.99757,0.836,2017-04-22
1.0005,0.98913,1.001,0.9998,0.98746,2017-04-23
1.0048,1.0071,1.002,1.0034,1.0707,2017-04-24
1.0063,1.0055,0.99947,1.0024,1.1887,2017-04-25
1.0042,1.007,1.0138,1.0098,0.80842,2017-04-26
1.0002,0.98808,0.99521,0.9963,1.1578,2017-04-27
1.0074,0.99884,0.99558,0.99993,1.368,2017-04-28
1.01,0.99674,0.99798,1.002,1.3483,2017-04-29
0.99285,0.99478,1.0087,1.002,0.64966,2017-04-30
0.99916,0.99216,0.99955,0.99873,0.98922,2017-05-01
0.98595,0.99302,0.997,0.99278,0.67132,2017-05-02
0.99131,0.98533,1.0006,0.99607,0.74949,2017-05-03
1.0003,1.0051,0.99792,0.99942,1.0686,2017-05-04
0.99416,0.99656,0.99787,0.99651,0.89229,2017-05-05
0.99102,0.99079,0.99855,0.99525,0.78588,2017-05-06
0.99041,0.99988,1.0019,0.99769,0.70249,2017-05-07
1.0034,0.99217,1.0015,1.0013,1.0517,2017-05-08
0.99741,1.009,1.005,1.0029,0.81845,2017-05-09
0.99973,1.0044,1.0041,1.0026,0.89326,2017-05-10
0.9982,1.0123,0.99984,1.0005,0.95507,2017-05-11
0.9967,0.99922,1.0036,1.0009,0.82904,2017-05-12
0.99993,1.0108,1.0034,1.0029,0.91391,2017-05-13
0.99508,1.004,1.0054,1.0018,0.75355,2017-05-14
1.003,0.99815,0.997,0.99904,1.1789,2017-05-15
1.0034,1.001,0.99814,1.0001,1.1511,2017-05-16
1.0036,1.0083,1.0023,1.0033,1.0327,2017-05-17
0.99034,0.99718,0.99463,0.99349,0.86263,2017-05-18
1.0164,1.0004,0.98908,0.99893,2.0621,2017-05-19
1.0018,1.0236,0.99776,1.0017,1.1171,2017-05-20
1.0015,1.0088,0.99555,0.99881,1.1861,2017-05-21
1.0025,1.0005,1.0048,1.0037,0.9434,2017-05-22
1.0055,1.0384,1.0132,1.0132,0.84691,2017-05-23
1.0018,1.0049,0.99203,0.99627,1.3413,2017-05-24
0.9914,0.99845,0.99827,0.99615,0.80303,2017-05-25
0.99839,1.0036,0.99834,0.99886,1.0014,2017-05-26
0.99784,0.99516,1.0002,0.999,0.93487,2017-05-27
0.99691,1.004,1.002,1.0007,0.86816,2017-05-28
1.0102,0.99725,1.0036,1.005,1.1654,2017-05-29
1.0019,1.0008,1.0023,1.002,0.99004,2017-05-30
1.0029,0.99632,0.99791,0.99928,1.1456,2017-05-31
1.0011,1.0156,0.99879,1.0012,1.0661,2017-06-01
0.99919,0.99104,0.99457,0.99561,1.1479,2017-06-02
0.99644,0.9976,0.99883,0.99797,0.9324,2017-06-03
1.0037,1.0011,0.99577,0.99873,1.2457,2017-06-04
0.99966,1.0083,1.0023,1.0022,0.93122,2017-06-05
1.0016,0.99967,1.0076,1.005,0.86444,2017-06-06
1.0025,0.99738,0.99669,0.99849,1.1747,2017-06-07
0.99389,1.0057,1.0033,1.0008,0.76456,2017-06-08
0.9991,0.99983,0.9983,0.9987,1.0228,2017-06-09
1.0066,0.99711,1.0134,1.0098,0.86435,2017-06-10
0.9837,1.0005,1.0028,0.99678,0.51528,2017-06-11
1.0197,1.0277,0.99979,1.0087,1.5471,2017-06-12
1.0027,1.0063,1.0098,1.0073,0.84703,2017-06-13
0.99471,0.98979,1.0037,0.99968,0.77791,2017-06-14
0.99128,0.99814,1.0062,1.001,0.65091,2017-06-15
1.0062,1.0102,0.99667,1.0009,1.2871,2017-06-16
0.9999,1.0015,1.0061,1.0037,0.85542,2017-06-17
1.0067,0.99775,0.99786,1.0005,1.2556,2017-06-18
0.98957,0.99027,0.9985,0.99501,0.74572,2017-06-19
1.0137,1.0042,0.99627,1.0021,1.5285,2017-06-20
1.0024,1.0063,1.0043,1.0039,0.95395,2017-06-21
0.99591,1.0041,1.0091,1.0047,0.71148,2017-06-22
0.99813,1.0038,1.0078,1.0046,0.7831,2017-06-23
1.0096,1.0031,0.99569,1.0005,1.431,2017-06-24
1.01,1.0097,0.99908,1.0033,1.3055,2017-06-25
1.0095,1.0269,1.0118,1.0127,0.95188,2017-06-26
0.98901,0.99476,1.0037,0.99846,0.63612,2017-06-27
1.0087,1.0151,1.0022,1.0054,1.1688,2017-06-28
0.99835,0.99703,1.02,1.011,0.61774,2017-06-29
0.99811,0.99492,0.99977,0.99878,0.95436,2017-06-30
1.0057,1.0043,1.0069,1.0063,0.97191,2017-07-01
1.0075,1.012,1.0051,1.0065,1.0571,2017-07-02
1.0143,1.0147,1.005,1.0088,1.2213,2017-07-03
0.9809,0.9924,1.0068,0.99766,0.40372,2017-07-04
0.99855,1.018,1.0114,1.0082,0.73212,2017-07-05
1.0125,1.023,1.009,1.0114,1.0756,2017-07-06
1.0136,1.0066,1.0058,1.0082,1.1844,2017-07-07
1.0092,1.0031,1.0067,1.0071,1.0564,2017-07-08
1.0119,1.0098,1.0071,1.0088,1.1118,2017-07-09
1.0145,1.0091,1.0381,1.0279,0.68519,2017-07-10
1.0249,1.0196,0.99637,1.0073,1.8657,2017-07-11
1.0285,1.03,1.0311,1.0302,0.96063,2017-07-12
1.0002,1.0057,1.0061,1.0043,0.8624,2017-07-13
0.99695,1.0064,1.0109,1.0063,0.7059,2017-07-14
1.0138,1.0231,1.0303,1.0245,0.75311,2017-07-15
1.0227,1.0224,1.0033,1.0112,1.4859,2017-07-16
0.99818,1.003,0.99908,0.99918,0.97481,2017-07-17
0.99302,1.0066,1.014,1.0067,0.58569,2017-07-18
1.0224,1.023,1.0358,1.0304,0.8148,2017-07-19
1.0002,1.0281,1.0233,1.0164,0.61555,2017-07-20
1.0071,1.0217,1.0163,1.0138,0.82657,2017-07-21
1.0181,1.0082,1.011,1.013,1.1487,2017-07-22
1.0271,1.0313,1.0154,1.0208,1.2243,2017-07-23
1.0419,1.0418,1.0093,1.0227,1.7102,2017-07-24
1.0511,1.0444,1.0153,1.0291,1.6913,2017-07-25
1.0454,1.0388,1.0117,1.025,1.6969,2017-07-26
1.0413,1.0433,1.0272,1.0332,1.2218,2017-07-27
1.0292,1.0298,1.02,1.0238,1.1614,2017-07-28
1.0411,1.0382,1.0159,1.0263,1.4796,2017-07-29
1.0245,1.0813,1.0289,1.0323,0.93231,2017-07-30
1.0381,1.0308,1.0269,1.0311,1.1763,2017-07-31
1.0394,1.0299,1.0298,1.033,1.1439,2017-08-01
1.03,1.0217,1.0286,1.0284,1.0219,2017-08-02
1.0257,1.0343,1.0153,1.0204,1.202,2017-08-03
1.0395,1.0365,1.0132,1.0241,1.5285,2017-08-04
1.0734,1.0425,1.0021,1.0292,2.8388,2017-08-05
1.0551,1.073,1.0489,1.0533,1.0721,2017-08-06
1.0511,1.0237,1.0218,1.032,1.5012,2017-08-07
1.0724,1.0439,1.0223,1.0409,1.851,2017-08-08
1.0399,1.0357,1.0228,1.03,1.2865,2017-08-09
1.0742,1.0655,1.035,1.0514,1.5477,2017-08-10
1.1002,1.074,1.0407,1.0643,1.7688,2017-08-11
1.0553,1.0533,1.0516,1.0531,1.042,2017-08-12
1.0664,1.054,1.0534,1.058,1.1452,2017-08-13
1.1008,1.069,1.0089,1.0458,3.0186,2017-08-14
1.0889,1.0667,1.0233,1.0497,2.0947,2017-08-15
1.0694,1.0231,1.0376,1.0476,1.4286,2017-08-16
1.0855,1.0953,1.0358,1.0585,1.6868,2017-08-17
1.1155,1.0952,1.0436,1.074,1.897,2017-08-18
1.0679,1.0703,1.044,1.0552,1.2961,2017-08-19
1.0517,1.0599,1.0551,1.0543,0.96258,2017-08-20
1.0789,1.068,1.0442,1.0589,1.4304,2017-08-21
1.1464,1.1146,1.0835,1.1088,1.5239,2017-08-22
1.0995,1.1338,1.0517,1.0762,1.5409,2017-08-23
1.0762,1.0487,1.0836,1.0776,0.93853,2017-08-24
1.0924,1.0897,1.0653,1.0775,1.2655,2017-08-25
1.0766,1.0836,1.0627,1.0701,1.14,2017-08-26
NA,NA,1.0631,NA,NA,2017-08-27
1.1074,1.1096,1.0729,1.089,1.3155,2017-08-28
1.1373,1.1336,1.0495,1.0883,2.0207,2017-08-29
1.1327,1.1209,1.0631,1.0941,1.6982,2017-08-30
1.0893,1.0954,1.0678,1.0784,1.2065,2017-08-31
1.0697,1.0629,1.0405,1.0535,1.3787,2017-09-01
1.0835,1.0659,1.0557,1.0672,1.3013,2017-09-02
1.0663,1.0782,1.0548,1.0612,1.1259,2017-09-03
1.1464,1.1561,1.1134,1.1298,1.2196,2017-09-04
1.1602,1.1311,1.135,1.1445,1.1467,2017-09-05
1.1161,1.1303,1.0893,1.1034,1.2125,2017-09-06
1.087,1.1202,1.0577,1.0742,1.31,2017-09-07
1.1552,1.1558,1.116,1.1349,1.257,2017-09-08
1.0971,1.1366,1.0997,1.1017,0.9812,2017-09-09
1.1117,1.1431,1.0903,1.1034,1.1687,2017-09-10
1.1079,1.0524,1.0643,1.0806,1.4327,2017-09-11
1.0876,1.0913,1.0563,1.0715,1.3368,2017-09-12
1.0701,1.0631,1.0631,1.0659,1.0701,2017-09-13
1.085,1.0964,1.075,1.0808,1.0899,2017-09-14
1.1036,1.0721,1.0572,1.0767,1.4949,2017-09-15
1.0469,1.0644,1.0585,1.0542,0.87874,2017-09-16
1.0411,1.0636,1.0634,1.0542,0.77751,2017-09-17
1.0677,1.0688,1.0783,1.0731,0.90742,2017-09-18
1.0829,1.1211,1.0761,1.0826,1.0607,2017-09-19
1.0468,1.062,1.0643,1.0566,0.8262,2017-09-20
1.0635,1.0897,1.0842,1.0759,0.82849,2017-09-21
1.0726,1.0935,1.0416,1.0585,1.3962,2017-09-22
1.0804,1.0872,1.0751,1.0783,1.0474,2017-09-23
1.0471,1.0613,1.0317,1.0405,1.2248,2017-09-24
1.0466,1.073,1.0649,1.0577,0.81934,2017-09-25
1.0905,1.0849,1.0541,1.0717,1.402,2017-09-26
1.1122,1.1025,1.0382,1.074,1.9879,2017-09-27
1.0531,1.0931,1.0637,1.0615,0.89396,2017-09-28
1.0854,1.0768,1.0365,1.0597,1.6672,2017-09-29
1.0646,1.0472,1.0615,1.0616,1.032,2017-09-30
1.082,1.0919,1.0532,1.0688,1.3207,2017-10-01
1.0475,1.0553,1.0878,1.0673,0.67611,2017-10-02
1.089,1.0649,1.077,1.0811,1.1055,2017-10-03
1.0898,1.0727,1.1432,1.1135,0.70319,2017-10-04
1.1132,1.1005,1.0631,1.0882,1.5025,2017-10-05
1.0464,1.0554,1.0538,1.0506,0.91827,2017-10-06
1.0742,1.0979,1.0506,1.0651,1.2703,2017-10-07
1.0673,1.0567,1.0689,1.0671,0.98502,2017-10-08
1.0446,1.042,1.0283,1.0364,1.2518,2017-10-09
1.0812,1.0472,1.0407,1.0588,1.5245,2017-10-10
1.091,1.083,1.0743,1.0825,1.1501,2017-10-11
1.1011,1.0901,1.0485,1.0754,1.6182,2017-10-12
1.0483,1.0452,1.0571,1.0521,0.90639,2017-10-13
1.0903,1.0833,1.0824,1.0861,1.0662,2017-10-14
1.0398,1.0627,1.0388,1.0412,1.0131,2017-10-15
1.0592,1.0503,1.0448,1.052,1.1762,2017-10-16
1.0494,1.0596,1.0562,1.0533,0.92698,2017-10-17
1.1099,1.0832,1.0615,1.085,1.4933,2017-10-18
1.1007,1.1017,1.0558,1.0797,1.4865,2017-10-19
1.0629,1.0536,1.0676,1.0642,0.95532,2017-10-20
1.077,1.0805,1.1088,1.0914,0.7815,2017-10-21
1.0751,1.0541,1.0541,1.0638,1.2306,2017-10-22
1.0851,1.0804,1.0772,1.081,1.0692,2017-10-23
1.0834,1.1104,1.0774,1.083,1.0522,2017-10-24
1.1183,1.1362,1.1155,1.1186,1.0183,2017-10-25
1.1253,1.1008,1.1181,1.12,1.0465,2017-10-26
1.1719,1.1261,1.1427,1.1548,1.1625,2017-10-27
1.1694,1.1328,1.1557,1.1602,1.0713,2017-10-28
1.1439,1.1354,1.1408,1.1419,1.0175,2017-10-29
1.1154,1.1211,1.1445,1.128,0.83952,2017-10-30
1.1633,1.138,1.1318,1.1475,1.187,2017-10-31
1.2224,1.2191,1.1261,1.1795,1.5919,2017-11-01
1.233,1.1899,1.1809,1.2068,1.2396,2017-11-02
1.2658,1.211,1.1744,1.2216,1.433,2017-11-03
1.1882,1.1911,1.1874,1.1881,1.0034,2017-11-04
1.2176,1.174,1.1361,1.1782,1.4713,2017-11-05
1.1723,NA,NA,NA,NA,2017-11-06
NA,NA,NA,NA,NA,2017-11-07
1.1605,1.1192,1.1304,1.1441,1.1801,2017-11-08
1.1259,1.1354,1.0801,1.1069,1.3924,2017-11-09
1.1484,1.1007,1.1356,1.1388,1.0743,2017-11-10
1.1564,1.1866,1.1408,1.1524,1.0882,2017-11-11
1.1299,1.1509,1.0972,1.1178,1.2449,2017-11-12
1.155,1.1615,1.0922,1.1287,1.4875,2017-11-13
1.2187,1.1251,1.1492,1.1811,1.3743,2017-11-14
1.2248,1.2136,1.1662,1.1988,1.2887,2017-11-15
1.2457,1.1947,1.1532,1.2014,1.4875,2017-11-16
1.1932,1.2733,1.1829,1.1959,1.0469,2017-11-17
1.1371,1.1582,1.1159,1.13,1.1388,2017-11-18
1.1268,1.1371,1.1172,1.1238,1.0623,2017-11-19
1.1384,1.1395,1.1,1.1227,1.2818,2017-11-20
1.1555,1.162,1.0888,1.1285,1.5317,2017-11-21
1.1672,1.1215,1.1255,1.1461,1.2569,2017-11-22
1.2249,1.2261,1.1058,1.1743,1.8367,2017-11-23
1.1515,1.2018,1.2026,1.1759,0.78634,2017-11-24
1.1709,1.1679,1.1541,1.1638,1.0878,2017-11-25
1.1755,1.1875,1.1626,1.1713,1.065,2017-11-26
1.144,1.1668,1.1494,1.1482,0.97093,2017-11-27
1.1058,1.1127,1.1375,1.1187,0.8177,2017-11-28
1.1768,1.1686,1.0886,1.1401,1.7042,2017-11-29
1.1356,1.1069,1.0676,1.105,1.6523,2017-11-30
1.1587,1.1805,1.1133,1.1422,1.3033,2017-12-01
1.0966,1.0656,1.0812,1.0877,1.1305,2017-12-02
1.0825,1.0909,1.1108,1.0942,0.8079,2017-12-03
1.1113,1.1185,1.0921,1.1042,1.1486,2017-12-04
1.1475,1.1251,1.0645,1.1109,1.8205,2017-12-05
1.1778,1.1426,1.1319,1.1561,1.2726,2017-12-06
1.1408,1.1541,1.0735,1.1143,1.6109,2017-12-07
1.1285,1.1205,1.1183,1.1237,1.066,2017-12-08
1.1738,1.1887,1.1382,1.1609,1.2032,2017-12-09
1.1013,1.1392,1.0989,1.1037,1.0181,2017-12-10
1.1006,1.143,1.0795,1.0961,1.1822,2017-12-11
1.0936,1.115,1.0731,1.0871,1.1867,2017-12-12
1.0719,1.0891,1.0661,1.0711,1.0568,2017-12-13
1.0445,1.0887,1.0713,1.0588,0.75163,2017-12-14
1.028,1.0249,1.0391,1.0321,0.85311,2017-12-15
1.0337,1.0279,1.0306,1.0319,1.0454,2017-12-16
1.0366,1.0357,1.0191,1.0296,1.3145,2017-12-17
1.0132,1.012,0.99947,1.0075,1.3794,2017-12-18
1.0832,1.0629,1.0251,1.0577,1.9407,2017-12-19
1.0266,1.0304,1.04,1.0324,0.82566,2017-12-20
1.0638,1.0911,1.047,1.0596,1.2007,2017-12-21
1.0471,1.0732,1.0431,1.0477,1.0506,2017-12-22
1.0658,1.0694,1.0505,1.06,1.1751,2017-12-23
1.0352,1.0254,1.0255,1.0304,1.1549,2017-12-24
1.0251,1.0275,1.0441,1.0327,0.76513,2017-12-25
1.0562,1.0551,1.0585,1.057,0.97636,2017-12-26
1.04,1.0421,1.0449,1.0422,0.94016,2017-12-27
1.0229,1.0505,1.0548,1.038,0.65125,2017-12-28
1.019,1.0504,1.0237,1.0236,0.92244,2017-12-29
1.0274,1.0399,1.0315,1.0301,0.93986,2017-12-30
1.0465,1.076,1.0463,1.049,1.0021,2017-12-31
1.0915,1.0647,1.0421,1.0695,1.6267,2018-01-01
1.0429,1.0326,1.0592,1.0484,0.83022,2018-01-02
1.0878,1.0838,1.108,1.0953,0.86016,2018-01-03
1.0846,1.0593,1.0551,1.0708,1.3219,2018-01-04
1.0702,1.0375,1.077,1.0698,0.93953,2018-01-05
1.0271,1.0397,1.0178,1.0246,1.1697,2018-01-06
1.0264,1.0455,1.0079,1.0207,1.4137,2018-01-07
1.0228,1.0214,1.0166,1.0201,1.1161,2018-01-08
1.0124,1.0144,1.0082,1.0109,1.0934,2018-01-09
1.0194,1.0028,1.0076,1.0134,1.2666,2018-01-10
1.0085,1.0249,1.0242,1.0163,0.74296,2018-01-11
0.99709,1.0015,1.0002,0.99873,0.91679,2018-01-12
0.98597,0.99202,1.0065,0.99518,0.52385,2018-01-13
1.0222,1.0201,1.0043,1.0149,1.4379,2018-01-14
1.0104,0.99629,0.99434,1.0024,1.518,2018-01-15
1.0028,NA,1.0289,1.0138,0.60231,2018-01-16
1.0133,1.0132,0.99805,1.0073,1.4396,2018-01-17
1.0084,NA,1.0026,1.0051,1.1466,2018-01-18
0.99341,0.99878,NA,NA,NA,2018-01-19
NA,NA,NA,NA,NA,2018-01-20
NA,NA,NA,NA,NA,2018-01-21
NA,NA,NA,NA,NA,2018-01-22
NA,NA,NA,NA,NA,2018-01-23
1.0086,0.99493,NA,1.0073,NA,2018-01-24
1.0052,1.0062,1.0084,1.0066,0.92856,2018-01-25
0.99949,1.0024,1.0013,1.0005,0.95106,2018-01-26
1.0157,1.0117,1.0105,1.0132,1.1114,2018-01-27
1.0028,1.0049,1.0071,1.0048,0.90024,2018-01-28
1.0049,1,1.0084,1.006,0.92168,2018-01-29
1.0012,1.0133,1.0096,1.0058,0.81877,2018-01-30
1.0082,1.0072,1.0012,1.0053,1.1855,2018-01-31
0.99734,1.006,1.0167,1.0065,0.63686,2018-02-01
0.99555,1.006,1.0133,1.0041,0.64447,2018-02-02
1.0129,1.0048,1.0031,1.008,1.2471,2018-02-03
1.0086,0.99602,1.0044,1.0059,1.1024,2018-02-04
0.99725,0.9964,1.0023,0.99932,0.87089,2018-02-05
1.0065,1.0129,0.99642,1.0025,1.3048,2018-02-06
1.0005,1.0079,1.0033,1.0023,0.93096,2018-02-07
1.0062,1.0141,1.0377,1.02,0.57619,2018-02-08
NA,NA,NA,NA,NA,2018-02-09
1.0132,1.0085,1.011,1.0118,1.0466,2018-02-10
1.0249,1.0073,1.0012,1.0125,1.6267,2018-02-11
0.99538,0.98975,1.0058,0.99981,0.75399,2018-02-12
1.006,1.0036,1.0152,1.0099,0.82247,2018-02-13
1.0025,0.9991,0.99977,1.001,1.0749,2018-02-14
0.99826,1.0153,0.99994,1.0005,0.95419,2018-02-15
1.0087,1.0094,1.0042,1.0068,1.1125,2018-02-16
0.99575,0.9952,1.0077,1.0009,0.73082,2018-02-17
0.99015,0.99466,1.005,0.99727,0.64343,2018-02-18
1.0011,1.0014,1.0004,1.0008,1.0205,2018-02-19
1.0081,1.009,1.0079,1.0081,1.0052,2018-02-20
1.0088,1.0125,1.0017,1.0059,1.1844,2018-02-21
1.0109,1.0126,0.99553,1.0039,1.4779,2018-02-22
0.99778,0.99734,1.0007,0.99907,0.92258,2018-02-23
1.0087,1.0059,1.0112,1.0096,0.94738,2018-02-24
1.0007,1.0036,1.0047,1.0027,0.90273,2018-02-25
0.98523,1.0002,1.0086,0.99722,0.48265,2018-02-26
1.0023,1.0044,1.0042,1.0034,0.95519,2018-02-27
1.0052,1.0066,1.0035,1.0045,1.0409,2018-02-28
0.98922,1.0107,1.0126,1.002,0.52492,2018-03-01
1.0008,1.0008,0.99897,0.99993,1.0512,2018-03-02
0.99757,0.99337,1.0033,0.99995,0.85731,2018-03-03
0.99992,1.0016,1,1.0001,0.99673,2018-03-04
0.99317,1.0049,1.0034,0.99902,0.7437,2018-03-05
0.99854,1.002,1.013,1.0057,0.70918,2018-03-06
1.0021,1.0023,1.0024,1.0022,0.99333,2018-03-07
1.0017,1.0019,0.9888,0.99549,1.5056,2018-03-08
0.99452,0.99276,NA,NA,NA,2018-03-09
NA,NA,NA,NA,NA,2018-03-10
NA,NA,NA,NA,NA,2018-03-11
NA,NA,NA,NA,NA,2018-03-12
NA,NA,NA,NA,NA,2018-03-13
NA,NA,NA,NA,NA,2018-03-14
0.98714,1.0184,1.006,0.99895,0.55809,2018-03-15
1.0083,1.0136,1.0055,1.0073,1.0669,2018-03-16
1.0036,1.0022,1.0012,1.0023,1.0626,2018-03-17
1.0022,0.99871,0.9949,0.99828,1.2319,2018-03-18
1.0081,0.99738,0.99903,1.0028,1.2545,2018-03-19
1.0018,1.0016,1.003,1.0024,0.96854,2018-03-20
1.0066,1.0054,1.0165,1.0114,0.81331,2018-03-21
1.0035,0.99915,1.0089,1.0059,0.88217,2018-03-22
0.99492,1.0031,0.99772,0.997,0.91863,2018-03-23
1.0014,0.99624,1.0001,1.0003,1.036,2018-03-24
1.0084,1.0125,1.0022,1.0057,1.1606,2018-03-25
1.0059,1.0038,1.0018,1.0036,1.1074,2018-03-26
0.99944,1.0031,1.0097,1.0051,0.77788,2018-03-27
1.0009,1.0008,0.99686,0.99883,1.122,2018-03-28
0.9952,1.0134,1.002,1.0002,0.82438,2018-03-29
1.0053,1.0052,0.99902,1.0021,1.1777,2018-03-30
1.005,1.0049,1.0051,1.0051,0.99833,2018-03-31
0.9959,1.001,1.0031,1,0.81851,2018-04-01
1.0004,1.0007,0.99997,1.0002,1.0118,2018-04-02
1.0002,1.0042,1.0053,1.0032,0.87849,2018-04-03
1.0126,1.0148,1.0027,1.0076,1.253,2018-04-04
1.0065,1.004,1.011,1.0087,0.90685,2018-04-05
0.99351,0.99427,1.0032,0.99867,0.75733,2018-04-06
1.0009,0.99399,0.9934,0.99639,1.2502,2018-04-07
0.9825,0.99054,0.99817,0.99135,0.54969,2018-04-08
1.0008,1.0133,1.0094,1.0063,0.81401,2018-04-09
0.99221,0.99603,1.0114,1.0028,0.59977,2018-04-10
1.0019,1.0101,1.0072,1.0055,0.87911,2018-04-11
0.99911,1.0018,1.0093,1.0048,0.77832,2018-04-12
1.0092,1.0027,1.0028,1.0052,1.1648,2018-04-13
0.99763,0.9917,0.99755,0.99704,1.0024,2018-04-14
0.98781,0.99983,1.0074,0.99957,0.55456,2018-04-15
0.99477,0.99793,1.0098,1.0029,0.67663,2018-04-16
1.0007,0.9975,1.006,1.0033,0.87542,2018-04-17
1.0097,1.0074,1.0015,1.0051,1.2126,2018-04-18
0.99164,1.0014,1.0159,1.0054,0.53815,2018-04-19
1.001,1.0056,1.0006,1.0012,1.01,2018-04-20
1.0013,1.0025,1.0059,1.0039,0.89112,2018-04-21
0.99383,1.0039,1.005,1.0008,0.73174,2018-04-22
1.0089,1.0111,1.0051,1.0071,1.0916,2018-04-23
1.0063,1.0042,1.0117,1.0092,0.88859,2018-04-24
1.0022,1.0007,1.0044,1.0032,0.94529,2018-04-25
0.99702,1.0152,1.0045,1.0028,0.81892,2018-04-26
1.0016,1.0087,1.001,1.0019,1.0173,2018-04-27
1.004,1.0055,0.99125,0.99698,1.4557,2018-04-28
0.97971,0.99874,0.99673,0.99073,0.48971,2018-04-29
1.0076,0.98891,1.0038,1.0037,1.0938,2018-04-30
0.99222,0.99257,0.99657,0.99472,0.86893,2018-05-01
1.0038,1.0088,1.0102,1.0078,0.86353,2018-05-02
1.0194,1.0124,1.0028,1.0092,1.4227,2018-05-03
1.004,1,1.0019,1.0025,1.0541,2018-05-04
1.0105,0.9966,0.99378,0.99971,1.5513,2018-05-05
0.98013,0.96591,0.98986,0.98429,0.63234,2018-05-06
1.0007,0.99745,1.0045,1.0026,0.90633,2018-05-07
1.0082,1.008,1.0106,1.0096,0.94905,2018-05-08
0.98452,1.0006,1.0086,0.99979,0.46756,2018-05-09
0.99325,0.99655,1.0047,1.0003,0.72203,2018-05-10
0.997,1.0091,1.0064,1.0035,0.78191,2018-05-11
0.99594,0.99737,0.99963,0.99822,0.89821,2018-05-12
1.0013,0.99422,0.98519,0.99131,1.7389,2018-05-13
1.0052,1.0115,0.9957,1.0003,1.294,2018-05-14
0.99002,0.99781,1.0008,0.99708,0.71224,2018-05-15
0.98775,0.98878,1.0021,0.99619,0.62881,2018-05-16
1.0038,1.0044,1.0068,1.0056,0.93085,2018-05-17
0.99037,1.0017,0.99978,0.99701,0.74131,2018-05-18
0.98739,0.99743,1.0046,0.99832,0.58274,2018-05-19
1.0072,1.0295,1.0144,1.0135,0.85843,2018-05-20
1.0029,1.01,1.0057,1.0053,0.93286,2018-05-21
1.0009,0.99982,0.99724,0.99861,1.1087,2018-05-22
1.0057,1.0041,1.0011,1.0028,1.122,2018-05-23
1.004,1.0001,1.0078,1.0058,0.91327,2018-05-24
0.99859,1.0091,1.0086,1.0056,0.77834,2018-05-25
1.0015,1.0028,0.98384,0.9909,1.8634,2018-05-26
0.99982,0.99584,1.0004,0.9998,0.983,2018-05-27
0.99289,0.98521,0.99962,0.9962,0.8144,2018-05-28
1.0042,1.0029,1.0017,1.0026,1.0656,2018-05-29
0.99438,1.003,0.99637,0.99639,0.93981,2018-05-30
0.99683,0.99402,0.99717,0.99676,0.99001,2018-05-31
0.99953,1.002,0.99942,0.99971,1.003,2018-06-01
1.005,0.99529,1.0103,1.0072,0.88713,2018-06-02
1.0154,1.0191,1.0044,1.0093,1.2674,2018-06-03
1.0145,1.0067,1.0119,1.0122,1.0537,2018-06-04
1.0164,0.99841,1.0111,1.0114,1.1115,2018-06-05
0.98632,1.0262,0.99968,0.99835,0.63202,2018-06-06
0.99843,1.031,1.0059,1.0061,0.82375,2018-06-07
0.99272,1.0008,0.99985,0.99783,0.80468,2018-06-08
0.9873,0.99774,0.99819,0.99478,0.68723,2018-06-09
0.99815,0.99904,1.0139,1.0076,0.68849,2018-06-10
0.99531,0.9921,0.99588,0.99533,0.98227,2018-06-11
1.0038,1.0094,0.9794,0.98948,2.5223,2018-06-12
1.0015,1.0045,1.0013,1.0017,1.0058,2018-06-13
1.0101,1.0163,1.013,1.0125,0.94131,2018-06-14
0.99628,1.0048,1.0029,1.0011,0.83295,2018-06-15
0.98913,0.99778,0.99792,0.99523,0.74547,2018-06-16
1.0058,1.0069,1.003,1.0043,1.07,2018-06-17
1.0118,1.0144,NA,NA,NA,2018-06-18
NA,NA,NA,NA,NA,2018-06-19
NA,NA,NA,NA,NA,2018-06-20
1.0065,1.0031,1.0065,1.0062,1.0006,2018-06-21
0.99211,1.0057,1.0004,0.99858,0.77603,2018-06-22
1.0029,1.0129,1.0026,1.0037,1.0083,2018-06-23
1.0004,1.0032,1.0089,1.0058,0.81373,2018-06-24
0.99492,1.0008,1.0015,0.99942,0.82791,2018-06-25
0.99818,1.0006,1.0023,1.0009,0.89388,2018-06-26
1.0015,1.0045,0.99147,0.99571,1.3564,2018-06-27
0.99803,1.0009,1.0024,1.001,0.88711,2018-06-28
1.0075,0.99859,1.0074,1.0066,1.0011,2018-06-29
0.99634,1.0063,1.0009,1.0001,0.87834,2018-06-30
1.0115,1.0197,1.0068,1.0096,1.1066,2018-07-01
1.0127,1.0091,1.0045,1.0075,1.2007,2018-07-02
1.0044,1.0121,1.008,1.0074,0.91919,2018-07-03
1.0005,1.0134,0.99918,1.0011,1.0364,2018-07-04
0.98951,1.0037,1.0041,0.99958,0.64158,2018-07-05
1.0086,1.0055,1.0076,1.0077,1.0227,2018-07-06
0.99613,1.0011,1.0036,1.0011,0.81388,2018-07-07
1.0045,1.0104,1.0055,1.0057,0.97576,2018-07-08
0.99899,0.99953,1.012,1.0069,0.73308,2018-07-09
1.003,1.0038,1.0259,1.0168,0.63295,2018-07-10
1.0152,1.0283,1.0147,1.0162,1.0099,2018-07-11
1.0145,1.0099,1.0223,1.0186,0.86749,2018-07-12
1.0058,1.014,1.0177,1.0137,0.78134,2018-07-13
1.0127,1.0202,1.0209,1.0182,0.85756,2018-07-14
1.0139,1.0123,1.0185,1.0164,0.91716,2018-07-15
1.0033,1.013,1.0172,1.0123,0.74112,2018-07-16
1.0188,1.0227,1.0218,1.021,0.94895,2018-07-17
1.0031,1.0021,1.0219,1.014,0.67907,2018-07-18
1.0101,1.0124,1.0087,1.0095,1.0308,2018-07-19
1.0059,1.0306,1.0191,1.0161,0.76354,2018-07-20
1.001,1.0083,1.0121,1.0082,0.77306,2018-07-21
0.99096,1.0145,1.0175,1.0089,0.50953,2018-07-22
1.0145,1.0368,1.0169,1.018,0.95653,2018-07-23
1.0041,1.0155,1.0251,1.0175,0.66041,2018-07-24
1.0071,1.0117,1.0198,1.0151,0.77478,2018-07-25
0.99184,0.98174,1.0008,0.99606,0.75977,2018-07-26
1.0244,1.0152,1.0209,1.0215,1.0608,2018-07-27
1.0116,1.0071,1.0039,1.0066,1.1898,2018-07-28
1.0081,1.0057,1.0053,1.0063,1.0649,2018-07-29
1.0052,1.011,1.0213,1.015,0.72241,2018-07-30
1.0082,1.0044,1.0063,1.0068,1.0438,2018-07-31
1.0254,1.0162,1.0505,1.0391,0.71162,2018-08-01
1.02,1.0154,1.0199,1.0195,1.0013,2018-08-02
0.99746,1.0068,1.0074,1.0042,0.77366,2018-08-03
1.0186,1.0321,1.0102,1.015,1.1793,2018-08-04
1.0129,1.0009,0.99974,1.0043,1.3624,2018-08-05
1.0054,0.99624,0.9925,0.99711,1.4437,2018-08-06
1.0194,1.021,1.0212,1.0206,0.9679,2018-08-07
1.0114,1.001,1.0276,1.0197,0.74736,2018-08-08
1.0374,NA,1.0241,NA,1.2192,2018-08-09
1.0267,1.0263,1.0159,1.0206,1.2067,2018-08-10
1.0098,1.0106,1.0182,1.0145,0.84835,2018-08-11
1.0211,1.0099,1.0312,1.0258,0.85057,2018-08-12
1.0088,1.0217,1.0127,1.0122,0.92112,2018-08-13
1.0288,1.0373,1.0409,1.0364,0.84432,2018-08-14
1.0331,1.0511,1.0465,1.0423,0.83824,2018-08-15
1.0279,1.0705,1.0558,1.0472,0.69864,2018-08-16
1.0424,1.0724,1.0678,1.0592,0.75704,2018-08-17
1.0435,1.0776,1.0571,1.054,0.85487,2018-08-18
1.0245,1.022,1.0565,1.0414,0.65663,2018-08-19
1.0351,1.059,1.0622,1.052,0.72569,2018-08-20
1.0423,1.0332,1.0222,1.0303,1.3426,2018-08-21
1.0047,1.04,1.0339,1.0234,0.58521,2018-08-22
1.0223,1.0339,1.0491,1.0378,0.68772,2018-08-23
1.0657,1.0564,1.0433,1.0524,1.2804,2018-08-24
1.015,1.05,1.0578,1.0404,0.54695,2018-08-25
1.0788,1.0826,1.0431,1.0597,1.4488,2018-08-26
1.0269,1.0594,1.0441,1.0389,0.78624,2018-08-27
1.053,1.0492,1.0315,1.0408,1.3158,2018-08-28
1.0364,1.0388,1.0737,1.0559,0.66177,2018-08-29
1.0891,1.0888,1.0769,1.0824,1.1077,2018-08-30
1.0823,1.088,1.0712,1.0768,1.1029,2018-08-31
1.0587,1.052,1.0378,1.0469,1.2803,2018-09-01
1.0587,1.0365,1.0309,1.0419,1.4114,2018-09-02
1.0772,1.0755,1.0418,1.0582,1.4506,2018-09-03
1.0509,1.0761,1.0567,1.0561,0.93704,2018-09-04
1.0572,1.0513,1.0352,1.0451,1.3076,2018-09-05
1.0723,1.0531,1.0387,1.053,1.4459,2018-09-06
1.0709,1.0557,1.0687,1.0684,1.0203,2018-09-07
1.0586,1.0377,1.028,1.0408,1.4729,2018-09-08
1.0271,1.034,1.0341,1.0313,0.90124,2018-09-09
1.0356,1.0494,1.0268,1.0322,1.1389,2018-09-10
1.0314,1.0338,1.0285,1.0301,1.0457,2018-09-11
1.0499,1.0654,1.0477,1.0501,1.0266,2018-09-12
1.0608,1.0758,1.0436,1.0531,1.2137,2018-09-13
1.0466,1.0566,1.0345,1.0412,1.1689,2018-09-14
1.0715,1.0654,1.0149,1.0412,2.0981,2018-09-15
1.0254,1.0259,1.0253,1.0254,1.0014,2018-09-16
1.0207,1.0259,1.0201,1.0208,1.011,2018-09-17
1.0238,1.0159,1.0204,1.0215,1.0591,2018-09-18
1.0136,1.0519,1.065,1.0422,0.4941,2018-09-19
1.0468,1.0451,1.0349,1.0407,1.166,2018-09-20
1.0344,1.0303,1.0273,1.0305,1.1113,2018-09-21
1.0176,1.0301,1.0337,1.0265,0.77135,2018-09-22
1.0293,1.0659,1.0335,1.0343,0.93951,2018-09-23
1.0432,1.0496,1.0146,1.0293,1.5579,2018-09-24
1.0286,1.0349,1.0153,1.0225,1.2575,2018-09-25
1.0185,1.0298,1.0262,1.0232,0.87738,2018-09-26
1.0397,1.0319,1.0197,1.029,1.3554,2018-09-27
1.0491,1.0434,1.0105,1.0288,1.8191,2018-09-28
1.045,1.0661,1.0197,1.0343,1.4486,2018-09-29
1.0264,1.0427,1.0182,1.0237,1.1486,2018-09-30
1.0277,1.0307,1.016,1.0222,1.2228,2018-10-01
1.0297,1.0372,1.0143,1.0228,1.3008,2018-10-02
1.082,1.0628,1.0285,1.0545,1.8221,2018-10-03
1.0201,1.0114,1.0298,1.024,0.85315,2018-10-04
1.052,1.0681,1.037,1.0461,1.2028,2018-10-05
1.0417,1.0496,1.0384,1.0408,1.0448,2018-10-06
1.0528,1.0389,1.0268,1.039,1.4104,2018-10-07
1.0425,1.0639,1.0731,1.0584,0.72124,2018-10-08
1.0546,1.0954,1.0549,1.0579,0.99678,2018-10-09
1.0861,1.0583,1.0566,1.0697,1.3174,2018-10-10
1.0592,1.0797,1.0607,1.0616,0.98415,2018-10-11
1.0579,1.0965,1.0403,1.0526,1.228,2018-10-12
1.0825,1.0966,1.0716,1.0785,1.1006,2018-10-13
1.0737,1.0938,1.0625,1.0702,1.1128,2018-10-14
1.131,1.1126,1.0471,1.0886,2.0027,2018-10-15
1.0895,1.1205,1.0915,1.093,0.98428,2018-10-16
1.067,1.0877,1.0618,1.0663,1.0536,2018-10-17
1.0715,1.1031,1.0655,1.0713,1.0589,2018-10-18
1.0805,1.1241,1.082,1.0847,0.98748,2018-10-19
1.084,1.1077,1.1011,1.0937,0.87616,2018-10-20
1.097,1.1189,1.0993,1.0998,0.98344,2018-10-21
1.068,1.0383,1.0717,1.0671,0.96551,2018-10-22
1.0714,1.07,1.0464,1.06,1.3013,2018-10-23
1.0749,1.0647,1.0948,1.0831,0.84856,2018-10-24
1.0709,1.0482,1.0672,1.0673,1.0351,2018-10-25
1.0621,1.046,1.0604,1.0599,1.0179,2018-10-26
1.0576,1.0747,1.0542,1.0575,1.0377,2018-10-27
1.0698,1.062,1.0292,1.0503,1.6159,2018-10-28
1.0608,1.0903,1.0444,1.0557,1.2022,2018-10-29
1.073,1.0415,1.0593,1.0641,1.1435,2018-10-30
1.0352,1.0444,1.0735,1.0526,0.65292,2018-10-31
1.0684,1.0601,1.0527,1.061,1.1759,2018-11-01
1.0256,1.0219,1.0636,1.0414,0.62081,2018-11-02
1.0603,1.0512,1.0446,1.0527,1.1939,2018-11-03
1.0654,1.0928,1.0884,1.0776,0.81609,2018-11-04
1.0821,1.1056,1.075,1.0811,1.0635,2018-11-05
1.0913,1.0818,1.0855,1.0879,1.0474,2018-11-06
NA,NA,1.0379,NA,NA,2018-11-07
1.0373,1.0551,1.0593,1.048,0.77002,2018-11-08
1.1106,1.0895,1.063,1.0876,1.4769,2018-11-09
1.1137,1.1181,1.1105,1.1127,1.0215,2018-11-10
1.0995,1.0822,1.0521,1.0781,1.534,2018-11-11
1.0767,1.0863,1.0537,1.0678,1.2546,2018-11-12
1.0473,1.0519,1.0121,1.0328,1.7236,2018-11-13
1.0556,1.0367,1.03,1.0433,1.384,2018-11-14
1.0408,1.0399,1.0201,1.0321,1.3654,2018-11-15
1.0438,1.0424,1.0199,1.0337,1.4228,2018-11-16
1.0188,1.0268,1.0072,1.0148,1.2661,2018-11-17
1.0327,1.0246,0.99353,1.0155,2.2976,2018-11-18
1.0118,NA,1.0296,NA,0.7309,2018-11-19
1.0332,1.0316,1.0114,1.0238,1.4544,2018-11-20
1.0192,1.0138,1.0166,1.0176,1.0477,2018-11-21
NA,1.0242,1.0037,NA,NA,2018-11-22
1.0205,1.0329,1.0473,1.0327,0.68126,2018-11-23
1.0634,1.0801,1.0363,1.0536,1.3714,2018-11-24
1.0267,NA,NA,NA,NA,2018-11-25
NA,NA,NA,NA,NA,2018-11-26
1.0317,1.0304,1.0207,1.0269,1.1913,2018-11-27
1.0405,1.0435,1.0285,1.036,1.1849,2018-11-28
1.0335,1.0364,NA,NA,NA,2018-11-29
1.0378,1.0465,1.0655,1.0496,0.72864,2018-11-30
1.0224,1.0437,1.0221,1.0241,1.006,2018-12-01
1.0167,1.0383,1.034,1.0256,0.75551,2018-12-02
1.0278,1.0349,1.0289,1.0289,0.98263,2018-12-03
1.022,1.0111,1.0189,1.0198,1.0566,2018-12-04
1.0124,1.0158,1.0169,1.0145,0.91582,2018-12-05
1.0163,1.0235,1.0232,1.0197,0.88426,2018-12-06
1.0113,1.0256,1.0553,1.0297,0.52129,2018-12-07
1.0445,1.0966,1.0306,1.0435,1.208,2018-12-08
1.0192,1.0143,1.0116,1.0157,1.1557,2018-12-09
1.0208,1.0196,1.0165,1.019,1.0816,2018-12-10
1.0219,1.0333,1.0429,1.0311,0.73494,2018-12-11
1.0355,1.038,1.0256,1.0317,1.1597,2018-12-12
1.0264,1.0239,1.0016,1.016,1.6463,2018-12-13
1.0283,1.0418,1.0579,1.0413,0.68668,2018-12-14
1.018,1.0502,1.0356,1.0278,0.75621,2018-12-15
1.0778,1.0792,1.0468,1.0654,1.3717,2018-12-16
1.0337,1.0326,1.0212,1.0288,1.217,2018-12-17
1.0054,1.0006,1.0449,1.0203,0.51533,2018-12-18
0.99834,1.0036,1.0089,1.003,0.76758,2018-12-19
1.0096,1.0199,1.0279,1.0178,0.71621,2018-12-20
1.018,1.0242,1.0233,1.0207,0.9113,2018-12-21
1.0172,1.0186,1.022,1.0192,0.91823,2018-12-22
1.011,1.0129,1.016,1.0132,0.9063,2018-12-23
1.0284,1.029,1.0336,1.0305,0.92527,2018-12-24
1.0162,1.0227,1.0044,1.0121,1.2859,2018-12-25
1.0074,1.0036,1.0097,1.008,0.95065,2018-12-26
1.0147,1.0139,1.0066,1.0114,1.1852,2018-12-27
1.0147,1.0299,1.0076,1.0132,1.1619,2018-12-28
1.0047,1.0079,1.0124,1.008,0.84349,2018-12-29
1.0144,1.0071,1.0129,1.0132,1.0292,2018-12-30
0.99743,1.0074,1.0186,1.0067,0.61644,2018-12-31
1.0038,1.0141,1.0136,1.0087,0.8056,2019-01-01
1.0106,1.0099,1.01,1.0103,1.0145,2019-01-02
1.0132,1.0163,0.99622,1.0065,1.5164,2019-01-03
1.0027,1.0113,1.0023,1.0033,1.0092,2019-01-04
1.0095,1.0049,0.99895,1.0048,1.2978,2019-01-05
0.9991,1.0025,1.0016,1.0004,0.9341,2019-01-06
1.0038,1.0036,1.0112,1.0067,0.84452,2019-01-07
0.98113,0.99347,1.018,0.99671,0.32525,2019-01-08
0.99863,1.0018,1.0109,1.0038,0.74182,2019-01-09
1.0169,1.0083,1.0143,1.0151,1.0504,2019-01-10
1.0101,1.0176,1.016,1.0132,0.8873,2019-01-11
1.0129,1.0069,1.0182,1.0145,0.90403,2019-01-12
1.0073,1.0121,1.0144,1.0106,0.86212,2019-01-13
1.0072,1.0149,1.0133,1.0104,0.87712,2019-01-14
1.0107,1.007,1.0004,1.0061,1.2778,2019-01-15
1.0119,1.0113,1.0082,1.0103,1.0832,2019-01-16
0.99549,0.99857,1.0075,1.0008,0.72708,2019-01-17
1.0055,1.0071,1.0143,1.0092,0.82642,2019-01-18
1.0116,1.0185,1.0159,1.0139,0.91851,2019-01-19
1.0065,1.0298,1.0203,1.0141,0.75759,2019-01-20
1.0062,1.0012,1.0124,1.0083,0.87397,2019-01-21
1.023,1.0104,1.0118,1.0173,1.2324,2019-01-22
1.014,1.0233,1.0234,1.0187,0.84273,2019-01-23
1.0213,1.0207,1.0143,1.0183,1.1377,2019-01-24
1.0034,1.0093,1.0101,1.0067,0.85543,2019-01-25
1.0106,1.018,1.0086,1.0104,1.0447,2019-01-26
1.0193,1.0241,1.0114,1.0164,1.1633,2019-01-27
1.0164,1.003,1.0174,1.0156,0.98101,2019-01-28
1.0182,1.0226,0.99546,1.0087,1.7098,2019-01-29
1.0173,0.99839,1.0241,1.0185,0.88842,2019-01-30
1.0011,1.0045,0.98289,0.99325,1.9336,2019-01-31
1.0148,1.0167,1.0109,1.0133,1.0823,2019-02-01
1.005,1.0038,1.0086,1.0065,0.92114,2019-02-02
0.99411,1.0004,1.0077,1.0005,0.69385,2019-02-03
1.003,1.0038,1.0036,1.0033,0.98455,2019-02-04
1.0057,1.0056,1.0068,1.0062,0.97525,2019-02-05
1.0074,1.0076,1.0159,1.0112,0.83795,2019-02-06
1.0039,1.0052,0.99233,0.99877,1.3986,2019-02-07
1.0062,0.99972,1.0038,1.0046,1.0599,2019-02-08
0.99928,1.0038,1.0042,1.0018,0.88,2019-02-09
1.0136,1.0219,1.0075,1.0117,1.1379,2019-02-10
0.99929,1.0046,1.0133,1.006,0.71914,2019-02-11
1.0075,1.0134,1.0129,1.0104,0.89033,2019-02-12
1.0027,1.0048,1.0035,1.0033,0.97931,2019-02-13
1.0017,1.0023,1.0029,1.0023,0.97153,2019-02-14
1.0061,1.0083,1.0154,1.0104,0.8198,2019-02-15
1.0104,0.9975,0.99806,1.0038,1.355,2019-02-16
1.0018,1.0034,1.0046,1.0031,0.93188,2019-02-17
1.0042,1.007,0.99838,1.0017,1.1652,2019-02-18
1.0073,1.011,1.0075,1.0077,0.99558,2019-02-19
0.99874,0.99092,1.0024,0.99974,0.90592,2019-02-20
1.0051,1.002,1.008,1.0062,0.93455,2019-02-21
1.0023,1.0139,1.0039,1.004,0.96123,2019-02-22
1.0105,1.0047,1.0036,1.0068,1.1709,2019-02-23
0.99872,1.0057,1.0105,1.0046,0.7501,2019-02-24
1.0024,1.0076,1.0121,1.0073,0.8005,2019-02-25
1.0016,0.99858,1.0129,1.0066,0.77278,2019-02-26
1.0057,1.0167,1.0168,1.0117,0.7931,2019-02-27
1.0024,1.0123,1.0051,1.0045,0.93654,2019-02-28
1.0002,0.99979,1.0039,1.0019,0.90741,2019-03-01
1.0015,1.006,1.0066,1.0043,0.88394,2019-03-02
1.0061,0.9979,1.0097,1.0071,0.92228,2019-03-03
0.99599,0.99681,0.98076,0.98861,1.8763,2019-03-04
1.0069,1.0211,1.0136,1.0113,0.86712,2019-03-05
1.0048,1.0113,1.0065,1.0061,0.96152,2019-03-06
1.0023,1.0045,1.0366,1.0186,0.53156,2019-03-07
1.0085,1.0197,1.0107,1.0105,0.95396,2019-03-08
0.99588,1.0035,0.99844,0.99772,0.92706,2019-03-09
0.99918,1.0122,1.0027,1.002,0.90964,2019-03-10
1.0012,0.99879,1.0003,1.0005,1.0253,2019-03-11
1.0006,0.99773,1.0112,1.0056,0.77954,2019-03-12
1.011,1.003,1.0042,1.0071,1.1686,2019-03-13
0.96529,0.99185,1.0141,0.9911,0.037631,2019-03-14
1.0011,1.0148,1.003,1.0032,0.95129,2019-03-15
1.0094,1.0094,1.0001,1.0048,1.2516,2019-03-16
0.99749,1.0028,1.0054,1.0018,0.81172,2019-03-17
0.99224,0.99431,0.99963,0.99601,0.79606,2019-03-18
1.0067,0.99959,1.0042,1.0049,1.061,2019-03-19
1.0028,1.0083,1.0054,1.0046,0.9383,2019-03-20
1.0035,0.99871,1.0014,1.0021,1.0549,2019-03-21
0.99972,1.008,1.0025,1.0018,0.93016,2019-03-22
1.0017,1.0055,1.0101,1.0062,0.822,2019-03-23
1.005,1.002,0.99973,1.0021,1.1444,2019-03-24
1.0063,1.0032,1.0042,1.005,1.0505,2019-03-25
0.99948,1.0099,1.0055,1.0034,0.8576,2019-03-26
1.0085,1.0092,0.99809,1.0033,1.2991,2019-03-27
1.0284,1.0016,1.0013,1.0121,1.7133,2019-03-28
1.0018,0.99562,1.0099,1.0053,0.82553,2019-03-29
0.99838,0.99125,1.005,1.001,0.84123,2019-03-30
1.0105,1.0131,1.0049,1.0079,1.1345,2019-03-31
1.0024,0.99588,0.99633,0.99874,1.1848,2019-04-01
1.0057,1.0117,1.0023,1.0044,1.0876,2019-04-02
1.0069,1.0111,1.0009,1.0046,1.1591,2019-04-03
NA,NA,NA,NA,NA,2019-04-04
NA,NA,NA,NA,NA,2019-04-05
NA,NA,NA,NA,NA,2019-04-06
NA,NA,NA,NA,NA,2019-04-07
NA,NA,NA,NA,NA,2019-04-08
NA,NA,NA,NA,NA,2019-04-09
NA,NA,NA,NA,NA,2019-04-10
0.9997,0.99952,1.001,1.0004,0.96615,2019-04-11
1.0038,1.0082,1.0058,1.0052,0.95325,2019-04-12
0.99097,1.0054,1.0045,0.99933,0.67174,2019-04-13
1.004,0.99331,0.99922,1.0006,1.1333,2019-04-14
1.0098,0.99791,1.0046,1.006,1.1274,2019-04-15
1.006,0.99592,0.99893,1.0012,1.1997,2019-04-16
1.0025,1.0011,1.0006,1.0014,1.0521,2019-04-17
0.99584,1.0043,1,0.99888,0.88621,2019-04-18
1.0315,0.99485,1.0005,1.0111,1.8339,2019-04-19
0.98901,0.99458,0.99946,0.99517,0.7103,2019-04-20
1.0009,1.0118,1.0009,1.0018,0.9998,2019-04-21
0.99455,1.004,0.99756,0.99704,0.91198,2019-04-22
1.0008,0.99753,1.0009,1.0006,0.99684,2019-04-23
0.99481,0.99602,0.99933,0.99745,0.87431,2019-04-24
0.99341,0.99603,1,0.99731,0.81952,2019-04-25
0.99532,1.0027,1.0031,1.0003,0.80323,2019-04-26
0.98415,0.99289,1.0093,0.99879,0.45208,2019-04-27
0.99731,0.99592,0.9929,0.9947,1.1495,2019-04-28
1.0038,1.0019,0.99958,1.0013,1.1155,2019-04-29
0.99514,0.99085,0.9893,0.99151,1.2253,2019-04-30
0.99864,1.0031,1.0051,1.0027,0.84517,2019-05-01
0.99908,1.0019,1.019,1.0106,0.64234,2019-05-02
1.0069,1.0037,1.0082,1.0074,0.96996,2019-05-03
1.0041,0.99411,0.99482,0.99795,1.2936,2019-05-04
1.0122,0.99789,0.99499,1.0013,1.5458,2019-05-05
0.9952,0.99733,1.0009,0.99868,0.84815,2019-05-06
1.0052,1.0071,1.0029,1.0041,1.0598,2019-05-07
1.0061,1.0016,1.0002,1.0024,1.1586,2019-05-08
1.0028,0.99114,0.99566,0.99752,1.2196,2019-05-09
1.0023,0.99807,0.99033,0.99504,1.4455,2019-05-10
1.0039,1.0012,1.0062,1.005,0.948,2019-05-11
1.0053,1.0078,1.002,1.0036,1.0835,2019-05-12
1.0053,1.0073,1.0085,1.0073,0.93039,2019-05-13
0.99726,0.99638,0.99967,0.99856,0.9335,2019-05-14
0.99992,0.99789,0.99842,0.99885,1.0428,2019-05-15
1.0043,1.0062,1.0085,1.0068,0.90721,2019-05-16
1.0028,1.012,1.0033,1.004,0.98773,2019-05-17
1.0093,1.0085,0.99843,1.0029,1.3093,2019-05-18
0.99635,1.0054,0.99826,0.99833,0.94541,2019-05-19
1.0015,0.98938,0.99905,0.99888,1.0697,2019-05-20
1.0086,0.99296,1.0051,1.005,1.0843,2019-05-21
0.99141,0.99706,1.0059,1.0005,0.6598,2019-05-22
1.0043,1.019,1.006,1.0068,0.95954,2019-05-23
1.0024,0.99342,0.99874,0.99934,1.1038,2019-05-24
1.0009,1.0025,1.0002,1.0007,1.0195,2019-05-25
1.0073,0.99627,0.99835,1.001,1.2567,2019-05-26
1.0033,1.0124,1.0032,1.0041,1.0024,2019-05-27
1.008,1.0055,1.0118,1.0101,0.92079,2019-05-28
0.98885,0.97894,1.0059,0.99786,0.59915,2019-05-29
1.0087,1.0102,1.0204,1.0158,0.79462,2019-05-30
1.0037,1.0036,1.0056,1.0048,0.95602,2019-05-31
1.01,1.0145,1.0135,1.0125,0.93062,2019-06-01
1.0129,1.0095,1.0082,1.0098,1.1056,2019-06-02
1.0176,1.0198,1.0149,1.0162,1.0516,2019-06-03
1.0115,1.0184,1.0066,1.0093,1.1132,2019-06-04
1.0051,1.0061,1.0041,1.0046,1.0264,2019-06-05
0.99486,1.0046,0.99253,0.99435,1.0801,2019-06-06
0.99511,0.99528,0.9963,0.99583,0.96371,2019-06-07
1.0044,1.0074,0.99985,1.0019,1.1253,2019-06-08
1.0058,0.99908,0.99765,1.0003,1.2366,2019-06-09
0.99472,0.99171,0.99247,0.99308,1.0773,2019-06-10
1.003,0.99872,0.98597,0.99212,1.7555,2019-06-11
0.97365,0.99648,1.0007,0.99216,0.27492,2019-06-12
1.0107,1.0062,1.011,1.0104,0.99278,2019-06-13
1.0073,0.99037,1.0149,1.0103,0.85134,2019-06-14
1.002,1.0197,1.0012,1.0033,1.0192,2019-06-15
1.0109,0.99651,1.0045,1.0056,1.1548,2019-06-16
1.0058,0.99813,0.98685,0.99345,1.8091,2019-06-17
1.0054,1.0022,1.0221,1.0151,0.71571,2019-06-18
1.0176,1.0227,1.0065,1.0114,1.2567,2019-06-19
0.99748,1.0059,0.99718,0.99813,1.0088,2019-06-20
1.0029,1.0044,1.0133,1.0094,0.7926,2019-06-21
NA,NA,NA,NA,NA,2019-06-22
NA,NA,NA,NA,NA,2019-06-23
NA,NA,NA,NA,NA,2019-06-24
NA,NA,NA,NA,NA,2019-06-25
NA,NA,NA,NA,NA,2019-06-26
NA,NA,NA,NA,NA,2019-06-27
1.0072,1.0026,1.0093,1.008,0.9557,2019-06-28
0.99813,0.99629,0.99924,0.9986,0.96917,2019-06-29
1.0022,1.0102,1.0058,1.0052,0.91506,2019-06-30
0.99266,0.99808,0.99344,0.99368,0.97395,2019-07-01
0.99657,0.99163,0.99748,0.99659,0.97319,2019-07-02
0.99809,0.99385,1.0012,0.99958,0.91724,2019-07-03
1.0195,1.0099,0.9976,1.0055,1.6404,2019-07-04
0.99343,1.0045,1.0082,1.0031,0.67017,2019-07-05
0.98856,1.0103,1.0021,0.99887,0.65082,2019-07-06
1.0039,1.0045,1.0065,1.0055,0.94153,2019-07-07
1.0113,0.99952,1.0116,1.0103,0.993,2019-07-08
1.01,1.0009,1.0044,1.0058,1.1353,2019-07-09
0.98815,1.001,1.0322,1.0159,0.35987,2019-07-10
1.0147,1.0045,1.0123,1.0122,1.0494,2019-07-11
1.0056,0.99966,1.0095,1.0074,0.91492,2019-07-12
0.98273,0.99231,1.0057,0.99738,0.45664,2019-07-13
0.98774,1.0005,0.99837,0.99527,0.69636,2019-07-14
1.0089,1.0134,1.0056,1.0074,1.0776,2019-07-15
1.0036,0.99278,1.0092,1.0059,0.87899,2019-07-16
0.9985,1.0064,1.003,1.0019,0.88674,2019-07-17
1.0053,0.99638,1.0255,1.0165,0.67415,2019-07-18
1.0078,0.99758,1.001,1.0028,1.1797,2019-07-19
1.0016,1.0041,1.0051,1.0039,0.91651,2019-07-20
1.0072,1.0071,1.01,1.0088,0.93927,2019-07-21
1.0097,1.0078,0.99027,0.99804,1.7245,2019-07-22
1.0012,1.0106,1.0103,1.0074,0.80665,2019-07-23
1.0057,1.0087,1.014,1.0108,0.83556,2019-07-24
0.99586,1.0041,1.0107,1.0053,0.68613,2019-07-25
1.0072,1.0283,1.0192,1.0162,0.78618,2019-07-26
1.0008,0.9972,1.0047,1.0027,0.90578,2019-07-27
1.0119,1.0086,1.0072,1.0089,1.1092,2019-07-28
1.0063,1.0045,1.0116,1.0091,0.88903,2019-07-29
0.99994,1.0052,1.02,1.0122,0.64596,2019-07-30
1.0129,1.0161,1.0296,1.0229,0.7477,2019-07-31
1.0156,1.0186,1.0292,1.0238,0.79347,2019-08-01
1.0142,1.0244,1.0306,1.0246,0.75569,2019-08-02
1.0281,1.0401,1.0079,1.0175,1.454,2019-08-03
1.0124,1.0196,1.0133,1.0136,0.98252,2019-08-04
1.0094,1.032,1.0396,1.0284,0.60443,2019-08-05
1.0412,1.0644,1.0857,1.0684,0.63635,2019-08-06
1.0421,1.0537,1.0419,1.0431,1.0016,2019-08-07
1.047,1.0492,1.0354,1.0407,1.1611,2019-08-08
1.0161,1.0432,1.021,1.0213,0.91545,2019-08-09
1.0128,1.0344,1.0514,1.0363,0.56115,2019-08-10
1.0419,1.0458,1.0625,1.0538,0.79249,2019-08-11
1.0329,1.0544,1.0273,1.0316,1.0878,2019-08-12
1.0211,1.0448,1.0296,1.028,0.87197,2019-08-13
1.0269,1.033,1.0253,1.0265,1.0258,2019-08-14
0.97644,0.99806,1.0016,0.99239,0.342,2019-08-15
1.0357,1.0533,1.036,1.0374,0.99577,2019-08-16
1.0194,1.0151,1.016,1.0171,1.063,2019-08-17
1.0059,0.99897,0.99899,1.0014,1.1931,2019-08-18
0.99487,1.0062,0.99558,0.99624,0.97823,2019-08-19
1.0318,1.0395,1.0377,1.0357,0.92046,2019-08-20
1.0214,1.0411,1.0229,1.0239,0.97435,2019-08-21
1.0065,1.0263,1.0272,1.0191,0.67599,2019-08-22
1.0233,1.0042,1.0104,1.0144,1.2732,2019-08-23
1.0069,1.0095,0.99636,1.0015,1.3191,2019-08-24
0.99185,1.0061,1.0017,0.99829,0.74288,2019-08-25
1.0053,1.0033,1.0001,1.0023,1.1418,2019-08-26
1.0044,1.0138,1.0139,1.0104,0.8126,2019-08-27
0.99973,1.0061,1.0067,1.0041,0.83916,2019-08-28
1.0001,1.0033,1.0008,1.0007,0.98177,2019-08-29
1.0219,1.0068,1.0063,1.0121,1.364,2019-08-30
1.0211,1.0142,1.0148,1.0172,1.1212,2019-08-31
0.9985,0.99808,1.0093,1.0042,0.76457,2019-09-01
1.0203,1.0176,1.0132,1.0162,1.1444,2019-09-02
1.0135,1.0317,1.0304,1.0239,0.74727,2019-09-03
1.0256,1.042,1.0208,1.0244,1.0825,2019-09-04
1.0352,1.0426,1.0138,1.0243,1.4231,2019-09-05
1.0258,1.0421,1.0294,1.029,0.94566,2019-09-06
1.0143,1.034,1.0404,1.0296,0.66138,2019-09-07
1.0304,1.0184,1.0233,1.0257,1.1187,2019-09-08
1.0297,1.0269,1.0196,1.0242,1.1795,2019-09-09
1.0086,1.0041,1.0058,1.0068,1.0651,2019-09-10
1.0639,1.0402,1.0412,1.0501,1.291,2019-09-11
1.0369,1.0629,1.0516,1.0465,0.8339,2019-09-12
1.0444,1.0591,1.0384,1.0425,1.0797,2019-09-13
1.0472,1.0364,1.0426,1.0439,1.058,2019-09-14
1.0736,1.0553,1.0325,1.0509,1.5943,2019-09-15
1.0147,1.0065,1.0251,1.0192,0.83233,2019-09-16
1.0733,1.0577,1.0534,1.0619,1.2212,2019-09-17
1.0534,1.0451,1.0372,1.0444,1.2192,2019-09-18
1.0373,1.0368,1.0233,1.0302,1.2336,2019-09-19
1.0508,1.0784,1.0239,1.0394,1.4451,2019-09-20
1.0408,1.0346,1.033,1.0364,1.1112,2019-09-21
1.0437,1.0413,1.0233,1.0334,1.3396,2019-09-22
1.0543,1.0453,1.0185,1.0355,1.6508,2019-09-23
1.0657,1.0566,1.0565,1.0604,1.0992,2019-09-24
1.027,1.0622,1.0326,1.0327,0.91866,2019-09-25
1.0316,NA,1.0208,1.0251,1.1889,2019-09-26
1.0294,1.0183,1.0128,1.0202,1.3372,2019-09-27
1.0618,1.0473,1.0237,1.0417,1.6311,2019-09-28
1.0465,1.0475,1.0267,1.037,1.3118,2019-09-29
1.069,1.0578,1.0141,1.0404,2.0823,2019-09-30
1.0605,1.0505,1.0388,1.0493,1.2879,2019-10-01
1.1013,1.1054,1.0557,1.0796,1.4944,2019-10-02
1.091,1.0742,1.0793,1.084,1.1016,2019-10-03
1.0635,1.0411,1.0579,1.0589,1.0591,2019-10-04
1.0703,1.0646,1.0471,1.0588,1.2776,2019-10-05
1.067,1.0667,1.0741,1.0704,0.93587,2019-10-06
1.0696,1.0402,1.0466,1.0561,1.2768,2019-10-07
1.0807,1.0778,1.0432,1.0622,1.4694,2019-10-08
1.0579,1.0885,1.0588,1.0608,0.9903,2019-10-09
1.0558,1.0764,1.0328,1.0465,1.3304,2019-10-10
1.0605,1.0482,1.0642,1.0612,0.96338,2019-10-11
1.082,1.0588,1.0563,1.0679,1.2768,2019-10-12
1.0724,1.0615,1.0762,1.0732,0.96652,2019-10-13
1.0774,1.0522,1.0532,1.064,1.2692,2019-10-14
1.0727,1.0711,1.0682,1.0705,1.0434,2019-10-15
1.097,1.1038,1.0975,1.0978,0.99586,2019-10-16
1.1224,1.1213,1.0891,1.1069,1.2647,2019-10-17
1.0822,1.061,1.0579,1.0692,1.2572,2019-10-18
1.0718,1.0488,1.042,1.056,1.3796,2019-10-19
1.0602,1.0493,1.0576,1.0581,1.0267,2019-10-20
1.0737,1.0674,1.0393,1.0572,1.4533,2019-10-21
1.1061,1.1127,1.0364,1.0732,1.9538,2019-10-22
1.1027,1.0765,1.0544,1.078,1.5307,2019-10-23
1.0884,1.109,1.0486,1.0715,1.4671,2019-10-24
1.1236,1.0712,1.0886,1.1033,1.2792,2019-10-25
1.1266,1.1233,1.1163,1.1217,1.0674,2019-10-26
1.078,1.1207,1.0769,1.081,1.0094,2019-10-27
1.1172,1.0829,1.0923,1.1031,1.1926,2019-10-28
1.0604,1.0871,1.0646,1.0645,0.95857,2019-10-29
1.101,1.0972,1.0923,1.0968,1.068,2019-10-30
1.1085,1.1421,1.088,1.1022,1.1647,2019-10-31
1.0772,1.0763,1.0579,1.0688,1.2042,2019-11-01
1.0827,1.0923,1.0584,1.073,1.255,2019-11-02
1.1058,1.0818,1.0614,1.0844,1.4528,2019-11-03
1.0826,1.0901,1.0604,1.0736,1.2294,2019-11-04
1.0746,1.087,1.0526,1.0661,1.2462,2019-11-05
1.0992,1.1103,1.0718,1.0883,1.2531,2019-11-06
1.0569,1.0752,1.0573,1.0586,0.9951,2019-11-07
1.0651,1.0933,1.0701,1.0696,0.95268,2019-11-08
1.0983,1.0692,1.0915,1.0927,1.0532,2019-11-09
1.0842,1.0916,1.0997,1.0914,0.88607,2019-11-10
1.099,1.0996,1.0955,1.0976,1.0262,2019-11-11
1.1149,1.1485,1.0994,1.1109,1.1141,2019-11-12
1.167,1.2007,1.1244,1.1518,1.2647,2019-11-13
1.1126,1.1584,1.1117,1.116,1.0059,2019-11-14
1.1096,1.0911,1.0788,1.095,1.2665,2019-11-15
1.0415,1.0413,1.0347,1.0387,1.0942,2019-11-16
1.0548,1.0625,1.0713,1.0621,0.84636,2019-11-17
1.0356,1.0387,1.0222,1.0302,1.2285,2019-11-18
1.0505,1.0762,1.0568,1.0553,0.93207,2019-11-19
1.043,1.0445,1.0613,1.0507,0.81305,2019-11-20
1.1133,1.0882,1.0461,1.0828,1.8123,2019-11-21
1.0934,1.0876,1.0704,1.0832,1.2145,2019-11-22
1.0896,1.1077,1.0548,1.0768,1.3807,2019-11-23
1.0708,1.0867,1.0549,1.0657,1.1736,2019-11-24
1.0203,1.021,1.0137,1.0176,1.1301,2019-11-25
1.024,1.0262,1.0226,1.0236,1.0223,2019-11-26
1.0325,1.0387,1.0698,1.0478,0.64966,2019-11-27
1.0614,1.051,1.047,1.0546,1.1722,2019-11-28
1.0628,1.0441,1.0634,1.0613,0.99417,2019-11-29
1.0404,1.0629,1.0605,1.0504,0.79335,2019-11-30
1.0199,1.0165,1.0237,1.0211,0.93688,2019-12-01
1.0233,1.0212,1.0359,1.0281,0.82633,2019-12-02
1.008,1.0433,1.0521,1.0288,0.50273,2019-12-03
1.0067,1.0163,NA,1.0105,NA,2019-12-04
1.0336,1.0577,1.0422,1.0393,0.89167,2019-12-05
1.0803,1.078,1.0989,1.0876,0.86259,2019-12-06
1.0629,1.0943,1.0585,1.0639,1.0464,2019-12-07
1.0524,1.0566,1.0717,1.0603,0.8214,2019-12-08
1.0721,1.0674,NA,1.0607,NA,2019-12-09
1.0353,1.0298,1.0389,1.0362,0.95328,2019-12-10
1.0044,1.0093,NA,1.0127,NA,2019-12-11
1.0334,1.0646,NA,NA,NA,2019-12-12
1.0689,1.0365,1.0244,1.0479,1.7283,2019-12-13
1.0559,1.0674,1.0907,1.0705,0.72679,2019-12-14
1.0895,1.0795,1.0956,1.091,0.95391,2019-12-15
1.0436,1.0515,1.0512,1.0473,0.91318,2019-12-16
1.0728,1.0536,1.0031,1.0415,2.7545,2019-12-17
1.0405,1.0621,1.1059,1.0686,0.54103,2019-12-18
1.0604,1.0998,1.0731,1.0689,0.88466,2019-12-19
1.049,1.0583,1.0348,1.0441,1.1991,2019-12-20
1.0217,1.0333,1.0471,1.0326,0.69675,2019-12-21
1.0522,1.0731,1.0517,1.0539,1.0048,2019-12-22
1.0045,1.041,1.0357,1.0198,0.56821,2019-12-23
1.0293,1.0352,1.0344,1.0318,0.92773,2019-12-24
0.99887,1.0083,1.027,1.0105,0.55786,2019-12-25
1.0151,1.0205,1.0138,1.0151,1.0249,2019-12-26
1.0581,1.0531,1.0338,1.0479,1.3447,2019-12-27
1.0227,1.0269,1.0271,1.0249,0.93153,2019-12-28
1.0231,1.0356,1.0191,1.0227,1.0711,2019-12-29
1.0074,1.0176,1.009,1.0089,0.9663,2019-12-30
0.99927,1.0225,1.0135,1.0069,0.716,2019-12-31
1.0039,1.0217,1.0184,1.0111,0.7356,2020-01-01
1.007,1.0068,1.0311,1.0163,0.64378,2020-01-02
0.99156,0.9974,1.0118,1.0001,0.58239,2020-01-03
1.0072,1.0281,1.0122,1.011,0.89693,2020-01-04
1.0037,0.99477,1.0066,1.004,0.93322,2020-01-05
1.0224,1.0233,1.0574,1.0364,0.62744,2020-01-06
1.0045,1.0128,1.0143,1.0091,0.80758,2020-01-07
1.0155,1.0097,1.0176,1.0158,0.96205,2020-01-08
1.0089,1.0006,1.0179,1.0118,0.83594,2020-01-09
1.0207,1.0303,1.024,1.0229,0.94451,2020-01-10
1.0173,1.022,1.0207,1.0191,0.94181,2020-01-11
1.0141,1.0242,1.0075,1.0123,1.1493,2020-01-12
1.0158,1.0236,1.0197,1.0181,0.93078,2020-01-13
1.0102,1.034,1.0164,1.0149,0.88353,2020-01-14
1.0082,1.0141,1.0144,1.0113,0.87865,2020-01-15
1.0206,1.0088,1.0173,1.0181,1.0618,2020-01-16
1.0263,1.0147,1.0152,1.0207,1.2157,2020-01-17
1.0128,1.0133,1.0076,1.0107,1.1166,2020-01-18
0.99821,1.0434,1.0321,1.0162,0.50701,2020-01-19
1.0211,1.0211,1.0356,1.027,0.79871,2020-01-20
1.0154,1.0275,NA,NA,NA,2020-01-21
NA,NA,NA,NA,NA,2020-01-22
1.0126,1.0264,1.024,1.0186,0.81095,2020-01-23
1.0044,1.0135,1.0085,1.0069,0.90949,2020-01-24
1.0134,1.015,1.0144,1.014,0.98042,2020-01-25
0.98918,0.98801,1.0114,0.99817,0.5371,2020-01-26
1.0092,1.0197,1.0107,1.0107,0.96731,2020-01-27
1.0072,1.01,1.0176,1.0118,0.8097,2020-01-28
1.0096,1.0156,1.0117,1.0111,0.95653,2020-01-29
1.0076,1.0095,1.0111,1.0092,0.92796,2020-01-30
1.0108,1.0009,1.0097,1.0095,1.024,2020-01-31
1.0211,1.0129,1.0055,1.0137,1.3708,2020-02-01
1.0121,1.0154,1.004,1.009,1.1997,2020-02-02
1.0042,1.0041,1.0044,1.0043,0.99303,2020-02-03
1.001,1.0017,1.006,1.0032,0.88311,2020-02-04
1.0085,1.012,1.0082,1.0087,1.0073,2020-02-05
0.97599,0.9845,0.99874,0.98642,0.35658,2020-02-06
0.99417,1.0053,0.99955,0.9975,0.85129,2020-02-07
1.0148,1.0233,1.0059,1.0118,1.2096,2020-02-08
0.99686,0.99818,1.0076,1.0016,0.75678,2020-02-09
1.0087,1.0062,1.0126,1.0102,0.91995,2020-02-10
1.0088,1.0093,1.0011,1.0054,1.2022,2020-02-11
0.99858,0.97463,1.0018,0.99787,0.91582,2020-02-12
1.0101,1.0083,1.021,1.0149,0.81152,2020-02-13
1.0037,1.0042,1.01,1.0066,0.86413,2020-02-14
1.0063,1.0003,1.0044,1.0049,1.0458,2020-02-15
0.98566,1.0086,0.99909,0.9935,0.62401,2020-02-16
1.0035,0.99521,1.0028,1.0025,1.019,2020-02-17
1.0007,1.0144,1.0003,1.0017,1.0112,2020-02-18
1.0042,1.0109,1.012,1.0083,0.83955,2020-02-19
0.99392,0.99895,1.0134,1.0031,0.61079,2020-02-20
1.0041,1.0023,1.0001,1.0022,1.1082,2020-02-21
1.0058,1.0136,1.0044,1.0058,1.0357,2020-02-22
0.99818,0.99621,0.99382,0.99603,1.1431,2020-02-23
1.0003,1.0111,1.0037,1.0028,0.91527,2020-02-24
0.99689,1.0028,1.01,1.0034,0.71879,2020-02-25
0.99664,0.99319,0.99504,0.9956,1.0505,2020-02-26
0.99419,0.99782,0.99557,0.99514,0.95729,2020-02-27
1.0011,0.99972,1.0009,1.0009,1.0062,2020-02-28
1.0056,0.99844,1.0023,1.0035,1.085,2020-02-29
1.0062,1.0102,0.99365,1.0006,1.4152,2020-03-01
0.99165,1.0006,1.0479,1.0184,0.33442,2020-03-02
1.0058,1.006,1.0017,1.0039,1.1073,2020-03-03
1.0209,1.0014,1.0119,1.015,1.1843,2020-03-04
1.0201,1.0001,1.0009,1.0092,1.5104,2020-03-05
0.99763,0.98638,1.0008,0.99819,0.91625,2020-03-06
1.0013,0.98886,0.99785,0.99862,1.0995,2020-03-07
1.0122,1.0196,1.0029,1.0083,1.2331,2020-03-08
1.0103,1.0166,0.99915,1.0055,1.3126,2020-03-09
1.0038,1.0051,1.0113,1.0076,0.84349,2020-03-10
1.0212,1.0177,1.0104,1.0156,1.2294,2020-03-11
1.0105,1.0042,1.0036,1.0066,1.1716,2020-03-12
1.0016,0.99921,1.0025,1.0018,0.97867,2020-03-13
1.0062,0.99924,1.0033,1.0042,1.074,2020-03-14
0.9964,1.0079,0.99268,0.99556,1.127,2020-03-15
0.99879,0.99994,0.99587,0.99743,1.0897,2020-03-16
1.0035,0.99657,0.98735,0.99477,1.6743,2020-03-17
0.99164,0.99266,0.99266,0.99223,0.96533,2020-03-18
1.0101,1.0034,1.0009,1.005,1.2444,2020-03-19
0.99606,0.99382,0.99479,0.99524,1.0404,2020-03-20
1.0241,1.0158,0.99373,1.0081,2.0008,2020-03-21
0.99259,1.0053,1.0008,0.99772,0.78046,2020-03-22
0.99726,0.9964,1.0021,0.99966,0.8758,2020-03-23
1.0037,1.0058,0.9956,0.99973,1.2516,2020-03-24
0.99867,1.018,1.0098,1.006,0.7603,2020-03-25
1.0048,1.0076,0.99829,1.0017,1.1872,2020-03-26
0.99498,1.0007,0.99974,0.99786,0.86921,2020-03-27
1.0077,1.0022,0.99857,1.0025,1.2584,2020-03-28
0.99812,1.0038,0.99814,0.9986,0.99942,2020-03-29
1.0042,1.0038,1.0018,1.0029,1.0627,2020-03-30
1.0042,1.0041,1.0056,1.0049,0.96642,2020-03-31
1.0039,0.99297,0.99882,1.0003,1.1425,2020-04-01
1.0124,1.0121,0.99568,1.0037,1.5185,2020-04-02
0.99819,0.99974,1.0075,1.0033,0.78838,2020-04-03
0.99942,1.019,1.0284,1.0164,0.55383,2020-04-04
0.996,0.99484,0.9957,0.99574,1.0094,2020-04-05
1.0073,0.99881,1.0049,1.0053,1.0563,2020-04-06
0.96514,1.0001,0.99558,0.98413,0.054739,2020-04-07
1.0088,1.0098,1.0053,1.007,1.0848,2020-04-08
1.0248,1.0245,1.0098,1.0168,1.3242,2020-04-09
1.032,1.0257,1.005,1.017,1.651,2020-04-10
1.0018,1.0078,1.001,1.0019,1.0227,2020-04-11
0.9891,0.98268,0.99474,0.99156,0.82005,2020-04-12
1.0034,0.99518,0.98578,0.99311,1.7865,2020-04-13
0.9993,1.0041,1.0017,1.001,0.93702,2020-04-14
1.0012,1.0133,NA,NA,NA,2020-04-15
1.0176,1.0202,1.0088,1.0135,1.1938,2020-04-16
1.0033,1.0086,1.0103,1.0075,0.85088,2020-04-17
1.0061,1.0027,1.0027,1.004,1.0863,2020-04-18
1.0202,1.0186,1.0075,1.0132,1.2886,2020-04-19
0.99162,1.0038,1.0023,0.99852,0.72497,2020-04-20
1.0053,0.9975,0.98487,0.99292,1.9483,2020-04-21
1.005,1.0152,1.0086,1.0078,0.91993,2020-04-22
1.0037,1.0133,1.0019,1.0036,1.0476,2020-04-23
1.0035,1.0015,0.9938,0.998,1.3204,2020-04-24
0.99275,0.99617,1.0056,1.0002,0.69528,2020-04-25
1.0222,1.0182,1.0022,1.0108,1.5146,2020-04-26
1.0152,1.0018,1.0008,1.0059,1.3865,2020-04-27
1.0033,1.0003,1.0044,1.0036,0.97254,2020-04-28
0.98985,0.99293,0.9932,0.99198,0.88782,2020-04-29
1.0008,1.0003,0.99944,1,1.0391,2020-04-30
1.0015,1.0022,1.0037,1.0028,0.94565,2020-05-01
1.0042,0.99826,1.0007,1.0017,1.0919,2020-05-02
0.97476,0.99038,1.0029,0.99212,0.28795,2020-05-03
0.99636,0.99413,1.0039,1.0005,0.81472,2020-05-04
0.99638,1.0022,0.99881,0.9983,0.93125,2020-05-05
0.9948,0.98863,1.0025,0.99863,0.80331,2020-05-06
0.99704,0.99852,0.99664,0.99694,1.0121,2020-05-07
0.99896,1.0053,0.99982,1,0.97635,2020-05-08
0.98989,1.0099,1.0037,0.9998,0.65778,2020-05-09
1.0062,1.0255,1.0045,1.0071,1.0411,2020-05-10
1.0067,0.99485,0.98865,0.995,1.7158,2020-05-11
0.99245,0.99809,0.99146,0.9924,1.0353,2020-05-12
1.0009,1.0113,0.993,0.99743,1.2675,2020-05-13
1.0082,0.99751,0.99662,1.0005,1.3482,2020-05-14
0.99507,0.98869,0.9985,0.99649,0.90244,2020-05-15
0.98726,1.0028,1.0132,1.0037,0.47942,2020-05-16
1.001,0.99394,1.0019,1.0008,0.97771,2020-05-17
0.99124,1.0058,0.99558,0.99516,0.86523,2020-05-18
0.99082,0.9818,0.98813,0.98834,1.1084,2020-05-19
1.0087,1.008,1.002,1.0047,1.174,2020-05-20
0.98597,0.99703,0.99456,0.99205,0.72436,2020-05-21
0.99805,0.99654,1.0073,1.0034,0.78933,2020-05-22
0.99623,1.0003,0.99762,0.99744,0.95952,2020-05-23
1.0042,0.99531,0.99518,0.99794,1.2829,2020-05-24
0.99238,1.013,1.0132,1.0067,0.58261,2020-05-25
0.9993,0.98775,0.98912,0.9922,1.3956,2020-05-26
1.0063,1.0093,1.0098,1.0087,0.92386,2020-05-27
0.99844,1,1.0064,1.0033,0.81515,2020-05-28
0.98831,0.99409,1.0075,1.0003,0.56557,2020-05-29
1.0018,0.99586,0.99165,0.99516,1.3588,2020-05-30
1.0036,0.99882,0.99997,1.001,1.0998,2020-05-31
1.0022,0.99394,1.0013,1.0008,1.0244,2020-06-01
0.99064,0.99857,1.0097,1.0028,0.58909,2020-06-02
1.0107,1.0013,1.0091,1.0088,1.035,2020-06-03
1.0084,1.0056,1.013,1.0108,0.90621,2020-06-04
1.0051,1.005,1.0117,1.0091,0.86287,2020-06-05
1.0122,1.0102,0.99865,1.004,1.3844,2020-06-06
0.99103,0.99627,0.99595,0.99455,0.84878,2020-06-07
0.98137,0.97731,0.98277,0.98178,0.92754,2020-06-08
0.99632,0.9919,1.0024,0.99959,0.84306,2020-06-09
1.0022,1.0207,0.99851,1.0019,1.1048,2020-06-10
1.0005,1.0128,1.0093,1.0071,0.80842,2020-06-11
1.0047,1.0081,1.0063,1.006,0.96226,2020-06-12
1.0077,1.0146,1.0077,1.0084,0.99937,2020-06-13
1.0021,1.0018,1.0051,1.0039,0.9297,2020-06-14
1.0007,1.0015,0.98067,0.98866,2.1584,2020-06-15
0.99761,0.99307,1.0067,1.0028,0.79027,2020-06-16
1.0065,1.0093,1.0048,1.0057,1.0403,2020-06-17
1.0106,1.001,1.0265,1.0192,0.74802,2020-06-18
0.99852,0.99721,0.99695,0.99742,1.0466,2020-06-19
0.99221,1.0003,0.98629,0.98943,1.2584,2020-06-20
0.9979,1.0016,0.99926,0.99908,0.96232,2020-06-21
1.004,1.0062,1.007,1.0061,0.9325,2020-06-22
0.99112,0.99651,1.0012,NA,0.73338,2020-06-23
NA,NA,1.012,NA,NA,2020-06-24
1.0103,0.98926,1.0281,1.0184,0.72519,2020-06-25
0.99516,1.0069,1.0067,1.0033,0.73426,2020-06-26
1.0198,1.008,1.0044,1.0094,1.3764,2020-06-27
0.98717,0.98886,0.99643,0.99294,0.7198,2020-06-28
1.0078,1.0038,1.0051,1.0057,1.0646,2020-06-29
1.009,1.0133,1.0098,1.0099,0.98162,2020-06-30
1.0029,1,0.99459,0.99759,1.2674,2020-07-01
1.0033,1.0053,1.0031,1.0034,1.0047,2020-07-02
0.99998,1.011,1.0099,1.007,0.78662,2020-07-03
0.9973,0.9936,0.9863,0.99037,1.4804,2020-07-04
0.99836,0.99824,0.99402,0.99573,1.1415,2020-07-05
1.014,1.0071,1.0015,1.0064,1.3281,2020-07-06
1.0059,1.003,1.0053,1.0052,1.0152,2020-07-07
1.0075,1.0064,1.002,1.004,1.1446,2020-07-08
1.0186,1.0149,1.0182,1.018,1.0081,2020-07-09
0.99273,0.99172,1.0082,1.002,0.65543,2020-07-10
0.99494,1.003,0.99979,0.99867,0.86696,2020-07-11
0.98895,0.99705,1.0455,1.0241,0.31141,2020-07-12
1.0093,1.0157,1.0136,1.0125,0.91277,2020-07-13
1.0017,1.0002,1.0233,1.0146,0.64019,2020-07-14
0.99806,0.99714,0.98919,0.99269,1.3436,2020-07-15
1.0315,1.029,1.0199,1.0243,1.2063,2020-07-16
1.0031,0.9925,1.0154,1.0092,0.76298,2020-07-17
1.0142,1.0173,1.0117,1.013,1.0513,2020-07-18
1.0014,1.0124,1.0022,1.003,0.97889,2020-07-19
1.0092,1.0137,1.0153,1.0132,0.88296,2020-07-20
1.0009,1.0087,1.0263,1.0165,0.59591,2020-07-21
1.0076,1.0122,1.0124,1.0109,0.90174,2020-07-22
1.0109,1.0022,1.0103,1.0097,1.0128,2020-07-23
1.0038,1.0009,1.0182,1.0119,0.73724,2020-07-24
1.0189,1.0297,1.0231,1.0224,0.92964,2020-07-25
1.024,1.0186,1.0081,1.0141,1.3568,2020-07-26
1.0104,1.0123,1.0149,1.0132,0.91177,2020-07-27
1.0112,1.0253,1.0145,1.0145,0.93573,2020-07-28
1.0187,1.0261,1.0242,1.0227,0.91077,2020-07-29
1.0223,1.0263,1.0098,1.0153,1.2702,2020-07-30
1.0151,1.002,1.0171,1.015,0.96203,2020-07-31
1.0137,1.0183,1.0083,1.011,1.1182,2020-08-01
1.0015,1.0013,1.0058,1.004,0.89917,2020-08-02
1.0197,1.0272,NA,NA,NA,2020-08-03
NA,NA,NA,NA,NA,2020-08-04
NA,NA,NA,NA,NA,2020-08-05
NA,NA,NA,NA,NA,2020-08-06
NA,NA,NA,NA,NA,2020-08-07
NA,NA,NA,NA,NA,2020-08-08
NA,NA,NA,NA,NA,2020-08-09
NA,NA,NA,NA,NA,2020-08-10
1.0248,1.0211,1.0182,1.0208,1.1195,2020-08-11
1.0278,1.0137,1.0289,1.0271,0.98287,2020-08-12
1.0183,1.0005,NA,NA,NA,2020-08-13
NA,NA,NA,NA,NA,2020-08-14
NA,NA,NA,NA,NA,2020-08-15
NA,NA,NA,NA,NA,2020-08-16
NA,NA,NA,NA,NA,2020-08-17
1.0237,1.0552,1.0242,1.0267,0.99152,2020-08-18
1.0414,1.0332,1.0155,1.0259,1.4988,2020-08-19
1.0342,1.0203,1.0143,1.0219,1.3915,2020-08-20
1.0217,1.0386,1.0329,1.0293,0.84011,2020-08-21
1.0124,1.0254,1.0225,1.019,0.82932,2020-08-22
1.0162,1.0189,1.0212,1.0192,0.91258,2020-08-23
1.028,1.0266,1.009,1.0175,1.4171,2020-08-24
1.0169,1.0307,1.0145,1.0168,1.046,2020-08-25
1.0325,1.0233,1.0506,1.0415,0.79239,2020-08-26
1.0677,1.048,1.0276,1.0442,1.6229,2020-08-27
1.0297,1.0501,1.0226,1.0276,1.1205,2020-08-28
1.0115,0.99807,1.0206,1.0151,0.84164,2020-08-29
1.0499,1.0426,1.0367,1.042,1.1802,2020-08-30
1.0254,1.0372,1.0397,1.0341,0.81239,2020-08-31
1.0445,1.0599,1.0672,1.058,0.78125,2020-09-01
1.0482,1.0254,1.063,1.054,0.8515,2020-09-02
1.029,1.0158,1.0296,1.0282,0.99087,2020-09-03
1.058,1.0593,1.0553,1.0567,1.029,2020-09-04
1.0263,1.0232,1.0468,1.0366,0.75351,2020-09-05
1.0636,1.0677,1.0679,1.0662,0.95876,2020-09-06
1.042,1.041,1.0589,1.0508,0.82356,2020-09-07
1.0413,1.0424,1.046,1.0438,0.94296,2020-09-08
1.0497,1.0486,1.0569,1.0535,0.92296,2020-09-09
1.0252,1.0307,1.0373,1.0319,0.83613,2020-09-10
1.0151,1.0567,1.0794,1.0506,0.44559,2020-09-11
1.0813,1.0816,1.0692,1.0751,1.1137,2020-09-12
1.0567,1.0658,1.0389,1.0481,1.2356,2020-09-13
1.0284,1.0521,1.0475,1.0401,0.77253,2020-09-14
1.0551,1.0555,1.046,1.0504,1.1102,2020-09-15
1.0638,1.04,1.0522,1.0557,1.1309,2020-09-16
1.0663,1.0572,1.0745,1.0697,0.92597,2020-09-17
1.0883,1.0862,1.0706,1.079,1.1648,2020-09-18
1.092,1.1053,1.0605,1.0772,1.3242,2020-09-19
1.0334,1.0625,1.0568,1.0473,0.75001,2020-09-20
1.0547,1.0754,1.037,1.0475,1.2402,2020-09-21
1.0543,1.0196,1.0335,1.0406,1.2967,2020-09-22
1.0418,1.029,1.0181,1.0288,1.4338,2020-09-23
1.033,1.0597,1.0472,1.0421,0.83032,2020-09-24
1.0462,1.0555,1.0539,1.0508,0.91458,2020-09-25
1.1041,1.0871,1.0676,1.0845,1.35,2020-09-26
1.0386,1.0326,1.035,1.0363,1.0508,2020-09-27
1.0519,1.0631,1.0324,1.043,1.2824,2020-09-28
1.0633,1.0348,1.0686,1.0634,0.94943,2020-09-29
1.101,1.0898,1.1061,1.1025,0.96428,2020-09-30
1.0844,1.1416,1.1227,1.1078,0.7601,2020-10-01
1.0921,1.1527,1.13,1.115,0.77281,2020-10-02
1.1153,1.1089,1.0832,1.0989,1.2684,2020-10-03
1.0647,1.0698,1.0805,1.0726,0.86554,2020-10-04
1.0668,1.0562,1.0743,1.0694,0.93268,2020-10-05
1.077,1.0727,1.0555,1.0665,1.2327,2020-10-06
1.0695,1.0454,1.0589,1.0624,1.111,2020-10-07
1.0336,1.023,1.0155,1.0242,1.3461,2020-10-08
1.06,1.0456,1.0766,1.0665,0.85267,2020-10-09
1.063,1.066,1.0457,1.055,1.2103,2020-10-10
1.0257,1.0453,1.0632,1.0444,0.62446,2020-10-11
1.053,1.0375,1.0741,1.0615,0.80948,2020-10-12
1.055,1.096,1.0722,1.0662,0.84172,2020-10-13
1.0707,1.035,1.089,1.076,0.85399,2020-10-14
1.0365,1.0378,1.0532,1.0442,0.81328,2020-10-15
1.0479,1.0383,1.1084,1.074,0.58277,2020-10-16
1.1318,1.1365,1.1228,1.128,1.0566,2020-10-17
1.1084,1.1504,1.0731,1.0951,1.3219,2020-10-18
1.0505,1.0558,1.0548,1.0529,0.95231,2020-10-19
1.0618,1.0652,1.0599,1.0612,1.0192,2020-10-20
1.0748,1.0493,1.0718,1.0711,1.0275,2020-10-21
1.0366,1.0553,1.0399,1.0397,0.95671,2020-10-22
1.0489,1.0361,1.0563,1.0512,0.92099,2020-10-23
1.0888,1.0766,1.0638,1.0764,1.2488,2020-10-24
1.0439,1.0693,1.0506,1.0489,0.92289,2020-10-25
1.0298,1.0407,1.0229,1.0277,1.1155,2020-10-26
1.0288,1.0194,1.0219,1.0249,1.1177,2020-10-27
1.0464,1.0493,1.0472,1.047,0.98989,2020-10-28
1.0825,1.0756,1.0875,1.0841,0.95978,2020-10-29
1.0706,1.0614,1.0925,1.0791,0.82991,2020-10-30
1.1075,1.091,1.0564,1.083,1.5497,2020-10-31
1.0688,1.0601,1.0546,1.0618,1.1548,2020-11-01
1.0576,1.0621,1.0669,1.0621,0.91058,2020-11-02
1.0653,1.1044,1.1042,1.0853,0.72334,2020-11-03
1.0893,1.1322,1.0867,1.0918,1.0216,2020-11-04
1.0563,1.1025,1.0487,1.0568,1.0895,2020-11-05
1.0701,1.0837,1.0878,1.0789,0.85744,2020-11-06
1.0918,1.0949,1.085,1.0892,1.0557,2020-11-07
1.0791,1.0784,1.0765,1.0779,1.0226,2020-11-08
1.0593,1.0711,1.0763,1.0674,0.84947,2020-11-09
1.0994,1.1053,1.1002,1.1002,0.99373,2020-11-10
1.0953,1.0461,1.0542,1.0734,1.4523,2020-11-11
1.0587,1.0608,1.0509,1.0556,1.0895,2020-11-12
1.0398,1.0272,1.0312,1.0351,1.1264,2020-11-13
1.0366,1.0357,1.0255,1.0319,1.1788,2020-11-14
1.0248,1.018,1.0229,1.0234,1.0306,2020-11-15
1.0386,1.0344,1.0158,1.0287,1.4366,2020-11-16
1.0231,1.0306,1.0338,1.0282,0.84868,2020-11-17
1.0475,1.0408,1.0381,1.043,1.1265,2020-11-18
1.0312,1.0469,1.0067,1.0221,1.5674,2020-11-19
1.0132,1.0138,1.0373,1.0229,0.67328,2020-11-20
1.0182,1.0216,1.0133,1.0165,1.0993,2020-11-21
1.0244,1.0345,1.0378,1.0306,0.81999,2020-11-22
1.0212,1.0346,1.0482,1.0331,0.68205,2020-11-23
1.0501,1.0389,1.0184,1.0359,1.5748,2020-11-24
1.0348,1.0637,1.021,1.0317,1.2383,2020-11-25
1.0554,1.0202,1.0511,1.0504,1.0495,2020-11-26
1.0546,1.0751,1.0398,1.0505,1.1936,2020-11-27
1.0517,1.0552,1.0506,1.0516,1.0136,2020-11-28
1.0903,1.0749,NA,NA,NA,2020-11-29
NA,NA,NA,NA,NA,2020-11-30
1.0916,1.1232,1.0216,1.0649,2.2016,2020-12-01
1.0874,1.0888,NA,1.0776,NA,2020-12-02
1.0848,1.062,1.0685,1.0762,1.1553,2020-12-03
1.124,1.0994,1.0323,1.0839,2.3307,2020-12-04
1.0731,1.049,1.0325,1.0546,1.5878,2020-12-05
1.0687,1.0681,1.0549,1.0632,1.1513,2020-12-06
1.0545,1.0532,1.0574,1.0556,0.96878,2020-12-07
1.07,1.0676,1.0899,1.0775,0.84258,2020-12-08
1.0659,1.0848,1.0631,1.0665,1.028,2020-12-09
1.0797,1.0469,1.0923,1.0815,0.90225,2020-12-10
1.0606,1.0653,1.0877,1.0716,0.78138,2020-12-11
1.0946,1.1168,1.0563,1.0812,1.4121,2020-12-12
1.0547,1.0444,1.0608,1.0561,0.9373,2020-12-13
1.0211,1.0269,1.0284,1.0246,0.88818,2020-12-14
1.0228,1.0377,1.0268,1.0258,0.93699,2020-12-15
1.0496,1.0682,1.0468,1.0501,1.034,2020-12-16
1.0264,1.0411,1.046,1.0354,0.76262,2020-12-17
1.0454,1.0355,1.0248,1.0364,1.335,2020-12-18
1.0603,1.0593,1.0397,1.052,1.2693,2020-12-19
1.012,1.0219,1.0112,1.0126,1.0169,2020-12-20
1.0173,1.0245,1.0168,1.0177,1.0087,2020-12-21
1.0191,1.0121,1.0187,1.0182,1.0065,2020-12-22
1.038,1.0611,1.0656,1.0509,0.72977,2020-12-23
1.063,1.046,1.06,1.0602,1.0315,2020-12-24
1.0314,1.0434,1.0499,1.0397,0.78591,2020-12-25
1.0508,1.0647,1.0372,1.0468,1.1831,2020-12-26
1.0455,1.036,1.0329,1.0396,1.1813,2020-12-27
1.0315,1.0263,1.0698,1.0455,0.63967,2020-12-28
1.0999,1.082,1.0517,1.0794,1.5452,2020-12-29
1.0232,1.0258,1.015,1.0202,1.1585,2020-12-30
1.0565,1.0502,1.0467,1.052,1.1178,2020-12-31
1.0513,1.0491,1.0498,1.0505,1.0181,2021-01-01
1.0345,1.0441,1.0423,1.0384,0.9015,2021-01-02
1.035,1.0333,1.0328,1.034,1.032,2021-01-03
1.0222,1.0094,1.0095,1.0159,1.274,2021-01-04
1.0227,1.0217,1.0177,1.0206,1.0915,2021-01-05
1.007,1.0068,1.006,1.0066,1.024,2021-01-06
1.0074,1.0122,1.0166,1.0115,0.82708,2021-01-07
1.0243,1.0162,1.0183,1.0212,1.1088,2021-01-08
1.0029,1.0169,1.0176,1.0101,0.72811,2021-01-09
1.0071,1.0221,1.0377,1.0204,0.58842,2021-01-10
1.0275,1.0225,1.0197,1.0239,1.1371,2021-01-11
1.0108,1.0286,1.0225,1.017,0.80252,2021-01-12
1.0141,1.014,1.0327,1.0218,0.73192,2021-01-13
1.01,1.0333,1.0253,1.0181,0.75196,2021-01-14
1.0181,1.0261,1.0287,1.0231,0.83884,2021-01-15
1.0079,1.0203,1.0225,1.0148,0.75255,2021-01-16
1.0094,1.024,1.0243,1.017,0.75528,2021-01-17
1.0285,1.0436,1.029,1.0301,0.99232,2021-01-18
1.0102,1.0126,1.0134,1.0117,0.93533,2021-01-19
1.0093,0.99417,0.9923,1.0009,1.5882,2021-01-20
0.9945,0.99835,1.006,0.9997,0.72946,2021-01-21
1.0028,1.0193,1.0161,1.0098,0.74829,2021-01-22
1.0014,1.0066,1.0138,1.0069,0.75426,2021-01-23
1.0124,1.006,1.0298,1.0189,0.73728,2021-01-24
1.014,1.0227,1.022,1.0182,0.86312,2021-01-25
1.0041,1.0039,1.0043,1.0042,0.99598,2021-01-26
1.0099,NA,NA,NA,NA,2021-01-27
NA,NA,NA,NA,NA,2021-01-28
1.0133,1.0263,1.0213,1.0177,0.86307,2021-01-29
1.015,1.0062,1.0225,1.0174,0.87263,2021-01-30
1.0168,1.0186,1.0095,1.0138,1.1566,2021-01-31
