year,month,31N,32N,33N,34N,35N,36N,37N,38N,39N,40N,41N,42N,43N,44N,45N,46N,47N
1988,1,0.102,0.232,0.182,0.231,0.33,0.466,0.144,0.049,0.201,0.174,-0.156,-0.202,-0.089,-0.092,-0.062,0.04,-0.347
1988,2,0.027,0.113,0.16,0.157,0.15,0.577,0.274,0.388,0.751,0.823,0.514,0.717,0.475,0.096,0.23,0.073,0.016
1988,3,0.293,0.262,0.328,0.737,1.082,1.011,1.194,0.777,1.473,1.023,0.646,0.592,0.555,-0.106,0.068,-0.013,0.026
1988,4,0.33,0.213,0.279,0.403,0.58,0.329,0.301,-0.072,0.629,0.349,0.228,0.617,0.364,-0.111,0.065,-0.018,-0.071
1988,5,0.582,0.5,0.627,0.869,1.27,1.006,0.994,0.674,1.371,0.985,0.443,0.483,0.386,-0.132,-0.004,0.007,-0.057
1988,6,0.245,0.341,0.414,0.43,0.744,0.819,0.564,0.87,1.663,1.3,0.505,0.691,0.553,0.162,0.379,0.197,0.091
1988,7,0.232,0.19,0.192,0.27,0.605,0.576,0.506,0.531,1.351,1.429,0.994,1.036,1.343,0.564,0.726,0.385,0.324
1988,8,0.339,0.384,0.275,0.375,0.566,0.517,0.318,0.498,0.976,1.079,0.878,1.006,1.021,0.554,0.633,0.3,0.252
1988,9,0.221,0.12,0.161,0.289,0.457,0.409,0.561,0.56,1.058,1.055,0.727,0.741,0.703,0.336,0.451,0.227,0.181
1988,10,0.238,0.193,0.247,0.329,0.459,0.335,0.321,0.228,0.525,0.607,0.187,0.388,0.381,0.159,0.271,0.106,0.016
1988,11,0.593,0.174,0.318,0.523,0.575,0.455,0.238,0.265,0.434,0.327,-0.271,-0.179,-0.183,-0.416,-0.378,-0.16,-0.295
1988,12,0.52,0.047,0.23,0.288,0.444,0.382,0.511,0.378,0.833,0.84,0.657,0.725,0.605,-0.007,0.204,0.023,-0.009
1989,1,-0.083,0.147,0.17,0.282,0.628,0.543,0.73,0.482,0.732,0.93,0.488,0.485,0.364,-0.074,0.076,0.088,-0.064
1989,2,0.226,0.108,0.195,0.174,0.31,0.201,0.546,0.259,0.965,0.363,0.266,0.283,0.512,0.006,0.004,0.019,0.054
1989,3,0.621,0.294,0.433,0.475,0.516,0.561,0.007,0.039,0.028,-0.37,-0.443,-0.604,-0.178,-0.324,-0.437,-0.149,-0.461
1989,4,0.413,0.345,0.258,0.345,0.513,0.431,0.405,0.209,0.622,0.419,0.346,0.409,0.431,0.092,0.2,0.171,0.051
1989,5,0.679,0.493,0.548,0.814,1.383,1.185,0.888,0.879,1.681,1.293,0.865,0.893,0.786,0.195,0.319,0.182,0.117
1989,6,0.427,0.311,0.279,0.427,0.734,0.614,0.393,0.44,1.179,1.197,0.713,0.85,0.874,0.268,0.362,0.093,0.021
1989,7,0.211,0.219,0.223,0.684,1.359,1.348,1.268,0.718,2.149,1.62,0.768,0.721,0.679,0.316,0.406,0.199,0.066
1989,8,0.292,0.234,0.285,0.386,0.587,0.471,0.4,0.652,1.173,1.201,0.858,0.812,0.79,0.439,0.494,0.301,0.2
1989,9,0.376,0.375,0.426,0.416,0.514,0.309,0.22,0.196,0.352,0.566,0.531,0.593,0.672,0.447,0.484,0.335,0.183
1989,10,0.298,0.293,0.317,0.338,0.445,0.356,0.32,0.295,0.578,0.402,0.156,0.111,0.198,-0.035,-0.06,0.027,-0.114
1989,11,0.159,0.112,0.137,0.17,0.324,0.393,0.262,0.442,0.733,0.601,0.283,0.221,0.429,0.017,0.08,0.1,-0.021
1989,12,0.137,0.11,0.246,0.169,0.263,0.259,0.227,0.165,0.665,0.78,0.395,0.45,0.41,0.115,0.124,-0.037,-0.155
1990,1,0.114,0.285,0.369,0.319,0.523,0.433,0.503,0.388,0.619,0.551,-0.001,0.003,-0.162,-0.379,-0.429,-0.054,-0.271
1990,2,0.08,0.286,0.585,0.521,0.716,0.448,0.543,0.541,0.936,0.99,0.339,0.415,0.18,-0.105,-0.103,0.097,-0.125
1990,3,0.245,0.238,0.391,0.293,0.626,0.656,0.414,0.419,1.163,0.684,0.314,0.505,0.386,0.051,0.087,0.129,-0.083
1990,4,0.184,0.19,0.311,0.33,0.658,0.568,0.609,0.627,1.331,1.163,0.442,0.684,0.545,0.088,0.259,0.134,0.107
1990,5,0.518,0.348,0.447,0.428,0.574,0.386,0.482,0.579,1.467,1.185,0.818,0.828,0.75,0.094,0.221,0.079,0.009
1990,6,0.359,0.327,0.388,0.601,0.981,0.821,0.644,0.658,1.229,1.038,0.64,0.769,0.584,0.193,0.3,0.126,-0.01
1990,7,0.238,0.289,0.279,0.466,0.603,0.427,0.263,0.322,0.856,0.959,0.898,1.034,0.987,0.516,0.635,0.395,0.326
1990,8,0.244,0.316,0.357,0.516,0.635,0.558,0.273,0.297,0.629,0.546,0.55,0.595,0.416,0.191,0.263,0.216,0.117
1990,9,0.179,0.244,0.311,0.454,0.644,0.563,0.472,0.384,0.962,0.74,0.474,0.542,0.474,0.295,0.355,0.297,0.229
1990,10,0.25,0.208,0.171,0.353,0.692,0.537,0.638,0.668,1.135,1.092,0.52,0.718,0.397,0.086,0.108,0.049,-0.073
1990,11,0.249,0.328,0.52,0.605,0.732,0.587,0.606,0.68,1.206,1.105,0.487,0.543,0.311,-0.078,-0.019,-0.075,-0.169
1990,12,0.156,0.134,0.344,0.444,0.622,0.323,0.3,0.56,1.102,0.822,0.828,0.76,0.729,0.094,0.443,0.067,0.165
1991,1,0.201,0.107,0.143,0.117,0.313,0.095,-0.181,0.053,0.29,0.067,0.118,0.002,0.186,-0.141,-0.035,-0.043,-0.205
1991,2,0.101,0.314,0.289,0.302,0.212,0.369,0.296,0.16,0.36,-0.088,0.006,-0.141,-0.142,-0.211,-0.222,-0.14,-0.419
1991,3,0.122,0.337,0.477,0.456,0.562,0.662,0.269,0.283,0.733,0.63,0.283,0.262,0.354,0.076,0.046,0.052,0.006
1991,4,0.455,0.454,0.622,0.84,1.176,1.34,1.081,0.831,1.205,0.927,0.52,0.559,0.329,-0.182,-0.01,0.018,-0.031
1991,5,0.595,0.506,0.696,0.945,1.257,0.996,1.142,1.015,1.911,1.563,1.091,1.117,1.057,0.223,0.39,0.183,0.112
1991,6,0.252,0.33,0.263,0.412,0.709,0.708,0.593,0.649,1.409,1.556,0.846,0.768,1.282,0.399,0.603,0.303,0.22
1991,7,0.241,0.187,0.237,0.268,0.367,0.447,0.087,0.7,0.979,1.135,1.126,1.164,1.047,0.618,0.653,0.401,0.279
1991,8,0.291,0.434,0.224,0.559,0.782,0.798,0.423,0.387,0.895,0.966,0.594,0.533,0.516,0.147,0.16,0.079,-0.053
1991,9,0.135,0.207,0.224,0.224,0.283,0.329,0.249,0.334,0.755,0.889,0.751,0.928,0.956,0.622,0.558,0.408,0.322
1991,10,0.196,0.226,0.421,0.423,0.562,0.533,0.401,0.381,0.746,0.793,0.65,0.635,0.711,0.386,0.381,0.349,0.217
1991,11,0.236,0.324,0.436,0.596,0.857,0.751,0.77,0.745,0.987,0.76,0.506,0.341,0.07,-0.181,-0.199,-0.151,-0.272
1991,12,-0.083,-0.113,0.151,0.012,-0.021,-0.337,-0.39,-0.107,0.047,-0.094,-0.013,-0.098,0.081,-0.072,-0.098,-0.097,-0.291
1992,1,0.063,-0.105,0.11,0.119,0.287,0.08,0.134,-0.163,0.064,-0.247,-0.181,-0.485,-0.387,-0.62,-0.719,-0.505,-0.955
1992,2,0.122,0.106,0.061,-0.101,0.004,-0.51,-0.08,-0.343,-0.324,-0.444,-0.55,-0.721,-0.26,-0.256,-0.212,-0.066,-0.334
1992,3,0.224,0.124,0.205,0.096,0.17,-0.017,0.034,0.128,0.185,0.172,0.212,0.221,0.467,0.171,0.311,0.168,0.119
1992,4,0.41,0.369,0.459,0.679,0.887,0.869,0.817,0.61,0.752,0.571,0.116,0.112,-0,-0.198,-0.075,-0.045,-0.193
1992,5,0.206,0.272,0.36,0.398,0.463,0.544,0.571,0.89,1.269,1.321,1.076,1.171,1.075,0.407,0.614,0.316,0.304
1992,6,0.388,0.349,0.537,0.556,0.613,0.406,0.351,0.378,0.832,1.057,0.92,0.913,0.964,0.294,0.445,0.201,0.156
1992,7,0.118,0.146,0.299,0.45,0.781,0.716,0.533,0.593,0.932,1.037,0.746,0.72,0.817,0.485,0.551,0.367,0.326
1992,8,0.21,0.247,0.432,0.451,0.655,0.522,0.687,0.372,0.78,0.792,0.56,0.584,0.586,0.306,0.425,0.306,0.256
1992,9,0.26,0.256,0.49,0.492,0.597,0.471,0.427,0.469,0.899,0.906,0.741,0.611,0.531,0.285,0.283,0.29,0.151
1992,10,0.251,0.308,0.376,0.258,0.231,0.15,0.165,0.146,0.473,0.35,0.307,0.255,0.376,0.106,0.139,0.148,0.026
1992,11,0.23,0.18,0.41,0.454,0.417,0.338,0.359,0.257,0.468,0.403,-0.04,0.046,-0.087,-0.139,-0.073,0.044,-0.162
1992,12,-0.149,0.264,0.421,0.281,0.236,0.604,0.12,0.063,0.447,0.483,0.159,0.117,0.175,-0.021,-0.036,-0.029,-0.175
1993,1,0.108,0.071,0.144,0.047,-0.067,0.072,0.014,-0.33,-0.055,-0.471,-0.177,-0.376,0.062,-0.053,-0.035,-0.009,-0.344
1993,2,0.018,0.04,0.142,0.155,0.003,-0.224,-0.038,-0.105,-0.135,0.089,-0.06,0.165,0.067,0.084,-0.039,-0.024,-0.311
1993,3,0.23,0.409,0.401,0.585,0.604,0.601,0.353,0.261,0.334,0.268,-0.221,-0.302,0.019,-0.245,-0.259,-0.051,-0.199
1993,4,0.424,0.498,0.662,1.162,1.316,1.177,1.018,0.758,1.036,0.752,-0.043,-0.056,-0.366,-0.466,-0.468,-0.154,-0.472
1993,5,0.394,0.386,0.505,0.469,0.303,0.13,0.109,0.141,0.189,0.215,-0.24,0.008,0.143,-0.095,0.034,0.058,-0.116
1993,6,0.21,0.211,0.356,0.671,1.177,0.922,0.809,1.099,1.928,1.689,0.924,0.965,0.837,0.274,0.369,0.205,0.076
1993,7,0.169,0.09,0.147,0.32,0.522,0.461,0.436,0.629,1.483,1.433,1.12,1.025,0.844,0.372,0.448,0.238,0.193
1993,8,0.243,0.224,0.284,0.371,0.575,0.496,0.485,0.608,1.049,1.156,0.944,0.873,0.807,0.484,0.539,0.316,0.193
1993,9,0.141,0.318,0.305,0.398,0.622,0.516,0.619,0.674,1.13,0.879,0.601,0.485,0.559,0.42,0.371,0.342,0.222
1993,10,0.136,0.207,0.165,0.238,0.276,0.259,0.141,0.101,0.355,0.354,0.218,0.358,0.377,0.108,0.169,0.103,-0.055
1993,11,0.067,0.18,0.204,0.33,0.397,0.352,0.323,0.436,0.691,0.64,0.771,0.786,0.695,0.305,0.27,0.24,0.002
1993,12,0.174,-0.032,0.359,0.137,0.078,0.059,-0.031,-0.097,0.029,-0.096,-0.611,-0.683,-0.252,-0.479,-0.602,-0.232,-0.567
1994,1,0.048,0.019,0.291,0.249,0.225,0.274,0.023,-0.006,0.259,0.356,-0.151,-0.25,-0.102,-0.203,-0.237,-0.019,-0.267
1994,2,-0.099,0.174,0.199,0.127,0.181,0.028,0.063,-0.034,0.153,0.339,-0.038,-0.04,-0.319,-0.184,-0.367,-0.103,-0.498
1994,3,0.058,0.27,0.35,0.379,0.58,0.418,0.36,0.273,0.494,0.662,0.291,0.419,0.199,-0.055,0.072,-0.079,-0.234
1994,4,0.23,0.288,0.558,0.723,1.127,0.903,1.009,0.869,1.277,1.101,0.861,0.953,0.496,0.006,0.135,0.017,-0.146
1994,5,0.299,0.171,0.348,0.576,0.85,0.769,0.614,0.659,1.066,1.135,0.637,0.835,0.73,0.243,0.436,0.231,0.134
1994,6,0.046,0.202,0.277,0.715,1.404,1.16,1.151,0.899,1.439,1.63,0.831,0.939,0.704,0.246,0.387,0.162,0.058
1994,7,0.176,0.298,0.236,0.274,0.421,0.341,0.366,0.366,0.948,1.443,1.234,1.234,1.079,0.615,0.675,0.345,0.309
1994,8,0.11,0.188,0.25,0.468,0.986,0.761,0.761,0.681,0.995,1.134,0.518,0.564,0.433,0.226,0.308,0.188,0.079
1994,9,0.464,0.363,0.38,0.293,0.537,0.394,0.337,0.353,0.64,0.613,0.505,0.655,0.635,0.334,0.334,0.238,0.097
1994,10,0.254,0.322,0.302,0.426,0.795,0.758,0.648,0.684,1.159,0.754,0.47,0.551,0.501,0.094,0.114,0.086,0.026
1994,11,0.183,0.367,0.494,0.484,0.573,0.291,0.253,0.238,0.458,0.215,0.074,0.157,0.188,-0.208,-0.163,-0.056,-0.247
1994,12,-0.065,-0.022,0.41,0.171,0.035,0.154,0.128,-0.225,0.068,-0.233,-0.58,-0.923,-0.541,-0.559,-0.731,-0.268,-0.577
1995,1,-0.173,-0.153,0.233,-0.001,-0.609,-0.777,-0.54,-0.918,-1.197,-1.469,-1.137,-1.509,-0.513,-0.56,-0.737,-0.194,-0.578
1995,2,-0.369,0.046,0.194,0.275,0.174,0.115,0.283,-0.021,0.3,-0.009,0.086,0.454,0.15,-0.155,-0.169,0.132,-0.176
1995,3,0.027,0.274,0.428,0.306,0.069,0.081,0.035,-0.09,0.153,-0.354,-0.49,-0.787,-0.119,-0.182,-0.549,-0.228,-0.764
1995,4,0.15,0.337,0.654,0.685,1.164,1.089,0.899,0.748,1.254,1.104,0.282,0.46,0.209,-0.054,0.276,0.139,-0.123
1995,5,0.069,0.053,0.321,0.428,0.791,0.733,0.46,0.804,1.507,1.298,1.022,1.324,0.894,0.345,0.518,0.208,0.103
1995,6,0.373,0.199,0.257,0.71,1.086,1.2,0.626,0.705,1.274,1.077,0.691,0.856,0.516,0.297,0.346,0.198,0.036
1995,7,0.277,0.254,0.258,0.452,0.822,1.094,0.648,0.438,0.816,0.862,0.694,0.871,0.65,0.426,0.463,0.295,0.18
1995,8,0.205,0.249,0.255,0.467,0.727,0.76,0.681,0.657,1.347,1.185,0.719,0.724,0.628,0.272,0.36,0.258,0.13
1995,9,0.302,0.337,0.396,0.466,0.81,0.797,0.255,0.295,0.671,0.503,0.226,0.266,0.308,0.143,0.236,0.099,-0.035
1995,10,0.135,0.087,0.137,0.131,0.366,0.627,0.51,0.313,0.925,0.846,0.514,0.712,0.55,0.235,0.207,0.165,-0.073
1995,11,0.021,0.27,0.298,0.257,0.352,0.442,0.359,0.071,0.463,0.203,-0.159,-0.355,-0.142,-0.42,-0.429,-0.241,-0.539
1995,12,0.017,0.254,0.478,0.436,0.213,0.165,-0.021,-0.189,-0.119,-0.341,-0.784,-1.123,-0.49,-0.485,-0.639,-0.222,-0.573
1996,1,0.129,0.338,0.46,0.432,0.517,0.542,0.336,0.223,0.554,0.642,-0.321,0.122,-0.101,-0.241,-0.086,0.148,-0.109
1996,2,0.133,0.246,0.291,0.263,0.057,0.021,-0.105,-0.127,-0.106,0.056,-0.732,-0.5,-0.228,-0.347,-0.509,-0.099,-0.256
1996,3,0.214,0.321,0.387,0.518,0.478,0.692,0.49,0.362,0.791,0.823,0.137,0.487,0.354,-0.077,-0.028,0.011,0.031
1996,4,0.117,0.424,0.446,0.744,0.821,0.768,0.704,0.503,0.581,0.381,-0.037,-0.085,-0.31,-0.484,-0.48,-0.076,-0.502
1996,5,0.427,0.414,0.388,0.501,0.941,0.983,0.95,0.998,1.841,1.417,1.14,1.153,1.041,0.197,0.429,0.141,0.093
1996,6,0.292,0.321,0.347,0.479,0.932,0.927,1.121,0.758,2.06,1.924,0.958,0.981,1.168,0.419,0.551,0.281,0.19
1996,7,0.161,0.225,0.195,0.3,0.499,0.453,0.501,0.525,1.149,1.15,0.974,1.053,0.884,0.548,0.623,0.447,0.406
1996,8,0.256,0.14,0.231,0.401,0.688,0.796,0.829,0.645,1.315,1.052,0.638,0.77,0.545,0.318,0.395,0.368,0.274
1996,9,0.245,0.262,0.229,0.214,0.427,0.334,0.313,0.281,0.693,0.741,0.543,0.693,0.694,0.257,0.267,0.228,0.108
1996,10,0.384,0.325,0.399,0.582,0.83,0.82,0.539,0.315,0.814,0.54,0.404,0.434,0.454,0.113,0.134,0.103,-0.061
1996,11,0.393,0.352,0.352,0.469,0.692,0.565,0.327,0.345,0.654,0.29,-0.004,0.031,0.222,-0.003,0.097,0.108,-0.073
1996,12,0.05,0.012,0.139,0.1,0.113,-0.084,-0.272,-0.477,-0.353,-0.651,-0.734,-0.803,-0.526,-0.457,-0.591,-0.14,-0.416
1997,1,0.291,0.189,0.299,0.265,0.295,0.361,0.236,-0.054,0.197,0.058,-0.405,-0.255,-0.122,-0.281,-0.194,-0.116,-0.398
1997,2,0.247,0.415,0.637,0.757,1.161,1.307,1.222,0.692,1.277,1.447,0.394,0.704,0.629,0.071,0.185,0.175,-0.052
1997,3,0.067,0.128,0.245,0.288,0.68,0.526,0.526,0.408,1.101,0.757,0.261,0.343,0.292,-0.418,-0.285,-0.185,-0.394
1997,4,0.677,0.374,0.593,0.712,1.245,1.195,0.941,0.568,1.624,0.948,0.347,0.535,0.543,-0.068,0.119,0.044,-0.02
1997,5,0.325,0.194,0.24,0.34,0.45,0.5,0.343,0.312,0.522,0.461,0.112,0.274,0.219,0.026,0.148,0.049,-0.054
1997,6,0.425,0.364,0.387,0.632,0.964,0.914,1.049,1.068,1.8,1.583,0.865,1.01,0.573,0.259,0.33,0.171,0.081
1997,7,0.116,0.284,0.194,0.303,0.624,0.623,0.552,0.761,1.108,1.156,0.797,1.098,0.797,0.432,0.56,0.344,0.295
1997,8,0.323,0.266,0.261,0.275,0.507,0.391,0.316,0.192,0.372,0.334,0.293,0.349,0.296,0.103,0.135,0.101,0.011
1997,9,0.29,0.253,0.312,0.371,0.64,0.393,0.279,0.385,0.672,0.641,0.407,0.455,0.219,-0.001,-0.08,-0.066,-0.222
1997,10,0.23,0.222,0.381,0.453,0.618,0.693,0.383,0.442,0.855,0.752,0.615,0.367,0.347,-0.109,-0.152,-0.131,-0.334
1997,11,0.266,0.182,0.096,0.054,-0.01,0.077,-0.177,-0.318,-0.09,-0.369,-0.696,-0.799,-0.396,-0.339,-0.467,-0.16,-0.647
1997,12,0.431,0.202,0.154,0.172,0.284,0.365,0.307,0.143,0.359,0.198,0.121,0.248,0.012,-0.193,-0.132,-0.295,-0.53
1998,1,0.509,0.294,0.356,0.27,-0.059,0.285,-0.424,-0.434,-0.616,-0.85,-0.755,-1.289,-0.58,-0.28,-0.952,-0.295,-1.068
1998,2,0.175,0.296,0.532,0.354,0.64,0.333,-0.127,-0.379,-0.14,-0.586,-0.643,-0.935,-0.539,-0.215,-0.982,-0.229,-0.947
1998,3,0.362,0.447,0.555,0.624,1.026,1.1,0.734,0.463,0.976,1.068,0.185,0.372,0.215,-0.06,0.076,0.12,-0.148
1998,4,0.257,0.696,0.353,0.663,1.07,0.942,0.761,0.678,1.1,0.993,0.65,0.636,0.447,0.103,0.18,0.04,0.051
1998,5,0.4,0.486,0.334,0.459,0.736,0.549,0.313,0.223,0.561,0.538,0.314,0.561,0.572,0.146,0.341,0.23,0.217
1998,6,0.695,0.462,0.266,0.437,0.634,0.594,0.584,0.819,1.384,1.484,1.297,1.229,1.003,0.487,0.527,0.358,0.326
1998,7,0.364,0.205,0.196,0.313,0.75,0.507,0.555,0.493,1.369,1.204,0.827,0.758,0.795,0.354,0.377,0.231,0.107
1998,8,0.218,0.19,0.26,0.432,0.831,0.713,0.758,0.651,1.4,1.451,1.028,0.967,0.844,0.495,0.525,0.366,0.253
1998,9,0.353,0.43,0.293,0.299,0.582,0.553,0.352,0.399,0.843,0.84,0.718,0.778,0.704,0.375,0.5,0.333,0.217
1998,10,0.301,0.209,0.365,0.56,0.875,0.999,0.697,0.458,0.93,0.688,0.275,0.276,0.268,-0.018,0.021,0.005,-0.188
1998,11,0.208,0.347,0.427,0.447,0.535,0.407,0.169,-0.116,0.098,-0.195,-0.594,-0.808,-0.504,-0.616,-0.722,-0.417,-0.891
1998,12,0.261,0.49,0.334,0.558,0.89,0.994,0.784,0.6,1.259,1.091,0.791,0.52,0.62,-0.207,-0.078,-0.055,-0.266
1999,1,0.273,0.274,0.188,0.238,0.405,0.211,0.257,0.392,0.531,0.284,0.093,-0.007,0.083,-0.333,-0.288,-0.211,-0.439
1999,2,0.724,0.309,0.593,0.371,0.725,0.3,0.381,0.148,0.084,-0.438,-0.88,-1.016,-0.723,-0.73,-1.252,-0.589,-1.261
1999,3,0.574,0.252,0.371,0.347,0.643,0.795,0.523,0.472,0.558,0.29,-0.139,0.15,-0.449,-0.321,-0.404,-0.198,-0.583
1999,4,0.554,0.307,0.482,0.527,1.173,1.49,1.331,1.22,2.313,1.792,1.435,1.616,0.955,0.289,0.553,0.306,0.328
1999,5,0.37,0.298,0.241,0.476,0.806,1.207,1.038,0.674,2.21,1.699,1.304,1.455,0.827,0.297,0.497,0.347,0.327
1999,6,0.395,0.428,0.385,0.623,1,1.28,0.914,0.682,2.035,1.922,0.698,0.849,0.666,0.178,0.258,0.176,0.097
1999,7,0.497,0.45,0.399,0.487,0.753,0.605,0.472,0.474,1.19,1.206,0.836,0.919,0.771,0.419,0.465,0.288,0.266
1999,8,0.512,0.458,0.382,0.654,0.93,0.877,0.66,0.501,1.201,1.091,0.576,0.533,0.506,0.243,0.306,0.217,0.131
1999,9,0.448,0.402,0.32,0.219,0.248,0.109,0.253,0.363,1.075,1.637,1.343,1.437,1.218,0.665,0.64,0.455,0.329
1999,10,0.433,0.239,0.3,0.292,0.634,0.33,0.41,0.314,0.66,0.686,0.508,0.537,0.439,0.098,0.102,0.048,-0.192
1999,11,0.454,0.312,0.303,0.372,0.379,0.186,0.261,-0.127,-0.093,-0.229,-0.94,-1.041,-0.842,-0.641,-0.641,-0.379,-0.717
1999,12,0.198,0.256,0.328,0.485,0.574,0.427,0.768,0.628,1.163,1.09,0.423,0.6,0.48,-0.117,-0.008,-0.04,-0.248
2000,1,0.276,0.231,0.421,0.273,0.495,0.297,0.012,0.032,0.107,-0.289,-0.426,-0.574,-0.353,-0.473,-0.293,-0.116,-0.448
2000,2,0.146,0.201,0.312,0.153,-0.066,-0.05,-0.319,-0.265,-0.15,-0.477,-0.667,-0.684,-0.251,-0.114,-0.266,0.07,-0.416
2000,3,0.378,0.342,0.524,0.609,1.093,1.159,1.222,0.967,1.862,1.314,0.862,1.097,0.572,-0.075,0.109,0.086,-0.061
2000,4,0.451,0.324,0.376,0.615,0.825,0.905,0.573,0.386,0.689,0.485,0.242,0.336,0.387,0.057,0.209,0.091,0.015
2000,5,0.48,0.336,0.429,0.534,0.941,1.239,0.96,0.878,1.353,1.296,0.562,0.665,0.474,0.15,0.251,0.201,0.1
2000,6,0.635,0.384,0.342,0.286,0.265,0.477,0.376,0.577,1.165,1.284,1.246,1.368,1.224,0.483,0.566,0.337,0.258
2000,7,0.607,0.521,0.324,0.709,1.047,1.12,0.954,0.916,1.672,1.344,0.903,0.702,0.719,0.358,0.427,0.279,0.207
2000,8,0.286,0.275,0.304,0.39,0.435,0.509,0.43,0.652,1.416,1.305,0.879,0.923,0.768,0.449,0.487,0.348,0.253
2000,9,0.41,0.295,0.265,0.348,0.561,0.614,0.438,0.576,0.933,1.06,0.635,0.762,0.599,0.242,0.251,0.158,0.002
2000,10,0.369,0.257,0.306,0.431,0.718,0.667,0.789,0.655,0.945,0.883,0.729,0.653,0.509,0.108,0.108,0.141,-0.169
2000,11,0.315,0.278,0.472,0.577,0.544,0.562,0.593,0.309,0.527,0.409,0.256,0.211,0.272,-0.016,0.222,0.015,-0.15
2000,12,0.048,0.135,0.221,0.35,0.39,0.387,0.185,0.148,0.367,0.328,-0.03,0.019,-0.147,-0.248,-0.314,-0.086,-0.265
2001,1,0.163,0.264,0.196,0.191,0.156,0.02,0.268,0.212,0.325,0.202,-0.142,0.011,-0.108,-0.257,-0.409,-0.204,-0.242
2001,2,0.076,0.115,0.429,0.119,0.28,0.188,0.123,0.312,0.38,0.219,0.383,0.294,0.546,0.144,0.232,0.051,-0.098
2001,3,0.264,0.246,0.359,0.573,0.807,0.945,0.691,0.656,1.21,1.351,0.739,0.876,0.789,0.235,0.541,0.167,0.109
2001,4,0.453,0.551,0.793,0.943,1.311,1.091,0.904,0.803,1.22,0.745,0.81,0.799,0.405,-0.165,0.182,0.078,0.186
2001,5,0.199,0.225,0.053,0.157,0.568,0.754,0.731,1.233,1.86,1.746,1.441,1.666,1,0.439,0.471,0.282,0.312
2001,6,0.352,0.386,0.247,0.562,1.04,1.093,1.273,1.356,1.947,1.471,1.115,1.013,0.612,0.274,0.418,0.219,0.283
2001,7,0.455,0.384,0.355,0.56,0.795,0.815,0.775,0.973,2.108,2.263,2.214,1.45,1.347,0.96,0.776,0.525,0.577
2001,8,0.289,0.388,0.372,0.517,0.847,0.86,0.915,1.033,1.842,1.172,0.479,0.232,0.267,0.082,0.161,0.072,0.024
2001,9,0.445,0.349,0.365,0.407,0.585,0.493,0.413,0.458,1.147,1.227,0.712,0.91,0.926,0.639,0.43,0.352,0.247
2001,10,0.168,0.068,0.16,0.134,0.245,0.275,0.515,0.558,1.273,0.951,1.19,0.581,0.792,0.274,0.108,0.128,0.203
2001,11,0.275,0.264,0.396,0.4,0.382,0.171,0.201,0.004,0.077,-0.227,-0.839,-0.853,-0.711,-0.601,-0.725,-0.382,-0.615
2001,12,0.507,0.4,0.469,0.363,0.606,0.392,0.243,0.322,0.443,0.096,-0.43,-0.286,-0.303,-0.302,-0.257,0.024,-0.168
2002,1,0.433,0.455,0.51,0.498,0.824,0.862,0.68,0.449,0.968,0.726,-0.157,0.209,-0.034,-0.539,-0.312,-0.168,-0.525
2002,2,0.31,0.366,0.465,0.148,0.461,0.49,-0.102,0.225,0.339,0.572,0.662,0.898,0.562,0.015,0.089,-0.023,-0.18
2002,3,0.516,0.538,0.957,0.738,0.791,0.718,0.823,0.538,1.167,0.89,0.893,0.692,0.598,-0.151,0.236,0.001,-0.068
2002,4,0.353,0.488,0.568,0.777,0.905,0.823,0.787,0.482,1.397,1.213,1.143,1.023,1.098,0.361,0.678,0.234,0.263
2002,5,0.463,0.526,0.728,1.042,1.092,0.767,1.317,0.772,1.833,1.433,0.943,0.804,0.787,0.155,0.428,0.152,0.125
2002,6,0.44,0.389,0.418,0.876,1.383,1.733,1.506,1.386,2.751,2.076,1.034,1.251,0.757,0.236,0.363,0.15,0.178
2002,7,0.36,0.277,0.307,0.421,0.556,0.431,0.478,0.528,1.617,2.335,1.428,1.881,1.303,0.644,0.652,0.415,0.393
2002,8,0.318,0.312,0.372,0.538,0.709,0.822,0.815,0.857,1.656,2.158,1.551,1.343,1.166,0.547,0.543,0.503,0.421
2002,9,0.386,0.412,0.44,0.507,0.46,0.452,0.447,0.364,0.727,1.047,1.302,1.116,0.778,0.482,0.344,0.38,0.256
2002,10,0.546,0.347,0.315,0.408,0.393,0.42,0.575,0.817,1.196,1.232,1.438,1.088,0.806,0.521,0.343,0.259,0.377
2002,11,0.139,0.048,0.266,0.143,0.245,0.204,0.173,-0.095,-0.025,-0.09,-0.343,-0.384,-0.425,-0.754,-0.867,-0.623,-0.967
2002,12,0.457,0.29,0.381,0.218,0.017,-0.184,-0.385,-0.398,-0.591,-0.709,-0.762,-0.576,-0.6,-0.595,-1.022,-0.355,-1.241
2003,1,0.211,0.379,0.303,0.32,0.193,0.459,0.043,-0.013,-0.015,0.189,-0.944,-0.319,-0.756,-0.425,-0.534,-0.069,-0.786
2003,2,0.092,0.156,0.371,0.401,0.573,0.438,0.615,0.451,0.862,0.846,0.537,0.645,0.856,0.028,0.116,-0.195,-0.139
2003,3,0.444,0.471,0.794,0.878,1.005,0.971,0.827,0.381,0.712,0.471,0.013,0.16,-0.339,-0.501,-0.463,-0.144,-0.657
2003,4,0.482,0.561,0.716,0.732,0.75,0.701,0.572,0.282,0.706,0.424,0.086,0.295,-0.111,-0.29,-0.25,-0.002,-0.425
2003,5,0.204,0.437,0.534,0.848,1.335,1.484,1.447,1.179,1.722,1.492,0.95,1.192,1.005,0.165,0.454,0.191,0.168
2003,6,0.307,0.344,0.513,0.888,0.858,1.401,1.15,0.762,2.221,1.56,1.173,1.682,1.444,0.709,0.918,0.461,0.435
2003,7,0.144,0.213,0.317,0.501,0.503,1.183,0.641,0.548,1.78,2.179,1.305,1.479,1.184,0.549,0.68,0.406,0.346
2003,8,0.678,0.622,0.792,1.044,0.822,0.764,0.681,0.649,0.966,1.279,0.897,0.788,1.025,0.531,0.513,0.4,0.356
2003,9,0.409,0.433,0.611,0.572,0.471,0.65,0.49,0.632,0.81,0.854,0.69,0.806,0.781,0.543,0.501,0.376,0.227
2003,10,0.305,0.192,0.312,0.496,0.805,0.762,0.688,0.351,0.983,1.005,0.243,0.758,0.108,-0.151,-0.318,-0.247,-0.183
2003,11,0.483,0.226,0.428,0.288,0.414,0.044,0.307,0.169,0.132,0.056,-0.092,0.108,0.097,-0.156,-0.213,0.135,0.003
2003,12,0.223,0.19,0.269,0.123,-0.018,0.284,-0.045,-0.066,-0.324,-0.46,-0.94,-0.576,-0.259,-0.493,-0.5,-0.313,-0.374
2004,1,0.316,0.395,0.418,0.474,0.571,0.624,0.253,0.059,0.258,-0.207,-0.877,-0.423,-0.091,-0.597,-0.336,-0.336,-0.134
2004,2,0.328,0.375,0.574,0.38,0.201,0.084,-0.208,-0.119,0.111,-0.016,-0.651,-0.369,-0.119,-0.455,-0.266,-0.046,-0.346
2004,3,0.471,0.496,0.55,0.79,1.121,1.044,1.228,0.969,1.58,1.255,1.027,1.4,0.668,-0.069,0.233,0.01,0.077
2004,4,0.528,0.491,0.672,0.737,0.732,0.777,0.915,0.272,1.02,0.593,0.469,0.903,0.51,0.153,0.117,0.126,0.052
2004,5,0.767,0.833,0.972,1.225,0.958,1.211,1.132,0.919,1.87,1.138,0.616,0.992,0.548,0.184,0.279,0.115,0.086
2004,6,0.182,0.344,0.49,0.94,1.177,1.472,1.272,0.94,1.75,1.875,0.961,1.383,0.894,0.479,0.535,0.358,0.325
2004,7,0.667,0.594,0.555,0.705,0.637,0.653,0.459,0.604,1.161,1.455,1.432,1.038,1.119,0.668,0.486,0.438,0.351
2004,8,0.472,0.469,0.362,0.504,0.559,0.595,0.464,0.443,0.663,0.811,0.552,0.462,0.673,0.455,0.364,0.262,0.192
2004,9,0.523,0.441,0.43,0.529,0.716,0.705,1.034,1.13,1.396,1.176,1.253,0.912,0.946,0.565,0.404,0.4,0.309
2004,10,0.251,0.195,0.248,0.354,0.385,0.211,0.453,0.403,0.477,0.607,0.548,0.685,0.518,0.276,0.029,0.129,0.049
2004,11,0.03,0.403,0.372,0.352,0.62,0.534,0.574,0.879,1.17,0.976,1.2,0.736,0.689,0.397,0.576,0.262,0.232
2004,12,0.25,0.13,0.132,0.031,-0.143,-0.296,-0.139,-0.168,0.154,0.449,0.74,0.077,0.351,-0.059,-0.13,0.008,-0.25
2005,1,0.387,0.324,0.314,0.051,0.049,0.21,0.054,-0.345,-0.349,-0.271,-0.612,-0.369,-0.228,-0.268,-0.362,-0.241,-0.454
2005,2,0.389,0.022,0.167,0.019,-0.007,-0.162,-0.153,-0.157,-0.051,0.218,-0.027,0.169,0.558,0.155,0.299,0.034,0.08
2005,3,0.595,0.64,0.481,0.513,0.739,0.583,0.655,0.463,0.472,0.287,-0.203,0.039,0.018,0.195,-0.271,0.07,-0.214
2005,4,0.37,0.597,0.815,1.03,1.366,1.193,1.033,0.479,1.159,0.91,0.351,0.8,0.163,-0.15,0.146,0.002,-0.037
2005,5,0.499,0.591,0.749,1.021,0.761,0.912,0.853,0.675,0.941,0.837,0.382,0.654,0.114,-0.156,-0.019,0.004,-0.085
2005,6,0.608,0.672,0.843,1.309,0.901,0.906,1.575,1.131,1.865,1.451,1.082,1.301,1.145,0.218,0.539,0.259,0.305
2005,7,0.247,0.338,0.314,0.387,0.556,0.759,0.733,0.716,1.765,1.879,1.556,1.622,1.363,1.018,0.832,0.686,0.502
2005,8,0.218,0.24,0.224,0.375,0.326,0.491,0.602,0.565,1.386,1.321,1.353,0.97,0.906,0.585,0.539,0.618,0.373
2005,9,0.454,0.43,0.519,0.772,0.726,0.802,1.073,0.994,1.323,1.084,1.537,0.7,0.899,0.641,0.545,0.527,0.398
2005,10,0.461,0.368,0.5,0.725,0.67,0.821,0.778,0.406,0.527,0.138,0.21,-0.022,0.078,-0.096,-0.298,-0.118,-0.239
2005,11,0.308,0.32,0.468,0.56,0.5,0.438,0.583,0.469,0.754,0.452,0.675,0.504,0.314,0.106,0.026,-0.008,-0.149
2005,12,0.391,0.269,0.347,0.213,-0.014,0.083,-0.252,0.126,0.118,-0.402,-1.063,-1.032,-0.541,-0.395,-0.574,-0.169,-0.694
2006,1,0.305,0.158,0.29,0.467,0.546,0.503,0.233,0.04,0.097,-0.206,-0.692,-0.341,-0.711,-0.228,-0.428,-0.114,-0.772
2006,2,0.341,0.078,0.29,0.361,0.354,0.623,0.48,0.548,0.786,0.581,0.256,0.583,0.433,-0.074,0.19,-0.063,0.121
2006,3,0.378,0.393,0.692,0.452,0.648,0.743,0.423,0.373,0.311,-0.293,-0.568,0.019,-0.348,-0.444,-0.648,-0.084,-0.647
2006,4,0.265,0.177,0.241,0.389,0.666,0.557,0.547,0.774,1.266,1.272,0.766,1.372,0.753,0.063,0.361,0.191,0.106
2006,5,0.255,0.38,0.525,0.946,1.132,1.288,1.253,0.928,1.579,1.439,0.984,1.094,1.204,0.121,0.69,0.267,0.311
2006,6,0.455,0.462,0.577,0.967,0.931,0.775,0.941,0.813,1.759,2.001,1.697,2.076,1.616,0.712,0.912,0.535,0.389
2006,7,0.243,0.198,0.311,0.576,0.67,0.634,1.039,0.908,2.074,2.054,1.367,1.886,1.69,0.791,0.842,0.511,0.437
2006,8,0.392,0.401,0.478,0.638,0.564,0.695,0.834,0.853,1.966,1.987,1.747,1.322,1.566,0.667,0.751,0.746,0.649
2006,9,0.555,0.482,0.555,0.592,0.67,0.585,0.716,0.827,1.497,1.128,1.039,0.921,0.992,0.401,0.297,0.301,0.244
2006,10,0.33,0.255,0.378,0.164,0.127,0.18,0.257,0.265,0.399,0.306,0.324,0.051,0.202,0.347,0.249,0.311,0.511
2006,11,0.338,0.251,0.354,0.222,0.362,0.338,0.227,-0.118,0.124,0.002,-0.705,-0.26,-0.574,-0.781,-0.416,-0.437,-0.61
2006,12,0.195,0.051,0.375,0.201,0.221,0.24,0.203,0.044,0.173,0.304,-0.501,-0.327,-0.415,-0.547,-0.481,-0.176,-0.667
2007,1,0.271,0.356,0.522,0.305,0.557,0.343,0.615,0.715,1.082,1.162,0.469,0.647,0.745,-0.106,0.102,-0.086,-0.276
2007,2,0.456,0.653,0.626,0.615,0.473,0.879,0.53,0.382,1.057,0.49,-0.063,-0.274,-0.19,-0.136,-0.176,-0.186,-0.468
2007,3,0.19,0.445,0.6,0.589,0.577,1.406,0.77,0.808,1.572,1.334,0.617,0.738,0.614,0.008,0.033,-0.182,-0.534
2007,4,0.323,0.672,0.965,1.237,1.174,1.355,1.278,0.416,1.334,0.635,0.402,0.308,0.393,-0.175,0.061,-0.097,-0.186
2007,5,0.6,0.566,0.629,0.785,0.687,1.043,0.841,0.949,1.729,1.452,1.195,1.246,1.094,0.353,0.712,0.323,0.331
2007,6,0.403,0.581,0.581,1.078,1.192,1.191,1.216,0.918,2.086,1.712,0.677,0.749,0.513,0.185,0.086,0.127,0.103
2007,7,0.39,0.453,0.397,0.634,0.672,0.723,0.706,0.417,1.324,1.7,1.246,1.634,0.847,0.429,0.432,0.289,0.225
2007,8,0.393,0.439,0.382,0.713,0.64,0.458,0.849,0.439,1.377,1.486,1.444,1.27,1.126,0.41,0.424,0.278,0.231
2007,9,0.424,0.62,0.62,0.719,0.736,0.794,0.973,0.868,1.424,1.382,1.357,1.158,1.037,0.431,0.345,0.141,0.164
2007,10,0.717,0.491,0.648,0.71,0.692,0.524,0.813,0.428,0.687,0.658,0.751,0.758,0.478,0.002,0.143,0.014,-0.15
2007,11,0.292,0.217,0.201,0.164,0.144,0.392,0.708,0.463,0.905,0.952,0.581,0.501,0.332,-0.021,0.083,0.006,-0.137
2007,12,0.324,0.379,0.57,0.373,0.64,0.154,0.429,0.194,0.461,0.381,-0.034,-0.26,-0.657,-0.567,-0.751,-0.485,-0.769
2008,1,0.107,0.158,0.208,0.016,0.176,-0.39,-0.439,-0.29,0.034,-0.014,-0.019,-0.145,-0.379,-0.419,-0.355,-0.228,-0.677
2008,2,0.333,0.457,0.484,0.462,0.759,0.943,0.699,0.503,0.948,1.185,0.174,0.248,0.118,-0.287,-0.072,0.107,-0.243
2008,3,0.698,0.875,1.011,1.303,1.383,1.684,1.734,0.749,1.377,1.163,0.291,0.51,0.136,-0.168,0.059,0.154,-0.12
2008,4,0.529,0.585,0.76,1.048,1.397,1.248,1.217,0.6,1.021,0.973,0.461,0.656,0.686,-0.01,0.278,0.093,0.143
2008,5,0.552,0.483,0.576,0.654,0.755,1.059,1.074,1.134,1.777,1.512,0.945,1.12,0.904,0.23,0.591,0.254,0.298
2008,6,0.509,0.323,0.487,0.666,0.962,1.523,0.955,1.027,1.85,2.054,1.228,1.572,0.987,0.415,0.559,0.343,0.341
2008,7,0.367,0.27,0.286,0.497,0.574,1.074,0.665,0.6,1.205,1.473,1.099,1.259,1.375,0.659,0.602,0.506,0.499
2008,8,0.361,0.252,0.262,0.459,0.522,0.571,0.699,0.837,1.624,2.022,1.151,1.098,0.639,0.236,0.254,0.158,0.11
2008,9,0.519,0.414,0.377,0.408,0.462,0.392,0.163,0.149,0.459,0.895,1.045,1.233,0.887,0.506,0.457,0.308,0.165
2008,10,0.284,0.299,0.408,0.426,0.43,0.464,0.44,0.514,0.835,0.736,0.489,0.501,0.231,0.033,-0.058,-0.021,-0.105
2008,11,0.392,0.119,0.293,0.362,0.644,0.34,0.355,0.086,0.195,-0.079,-0.321,-0.349,-0.581,-0.589,-0.555,-0.36,-0.61
2008,12,0.241,0.313,0.209,0.186,0.395,0.277,0.534,0.227,0.65,0.579,0.457,0.328,0.133,0.023,0.001,-0.019,-0.196
2009,1,0.114,0.279,-0.045,-0.038,0.271,0.235,0.357,0.122,0.39,0.328,0.415,0.343,0.25,-0.182,0.008,-0.037,-0.179
2009,2,0.097,0.246,0.38,0.156,0.123,-0.043,-0.068,-0.126,-0.056,-0.138,-0.44,-0.379,-0.07,-0.171,0.055,0.192,-0.192
2009,3,0.373,0.268,0.441,0.587,0.921,0.876,1.338,1.024,1.388,1.152,0.739,0.594,0.102,-0.171,0.084,0.022,-0.053
2009,4,0.552,0.542,0.682,0.958,1.112,1.264,1.063,0.827,1.171,1.103,0.761,1.129,0.79,0.173,0.317,0.108,0.221
2009,5,0.283,0.443,0.305,0.623,0.62,0.633,0.72,0.794,1.197,1.688,0.671,0.785,0.8,0.103,0.293,0.245,0.202
2009,6,0.561,0.437,0.461,0.539,0.4,0.563,0.551,0.564,1.167,1.525,1.084,1.245,0.695,0.323,0.309,0.359,0.253
2009,7,0.429,0.355,0.24,0.469,0.649,0.815,0.721,0.578,1.217,0.884,1.026,1.09,1.024,0.568,0.442,0.392,0.295
2009,8,0.485,0.446,0.343,0.44,0.429,0.552,0.65,0.701,0.949,1.384,0.831,0.838,0.779,0.347,0.29,0.206,0.135
2009,9,0.524,0.45,0.38,0.403,0.516,0.549,0.58,0.854,0.882,0.868,0.631,0.512,0.554,0.165,0.117,0.112,0.018
2009,10,0.458,0.409,0.485,0.512,0.557,0.68,0.679,0.732,0.95,0.953,0.624,0.522,0.397,-0.023,0.013,-0.015,-0.058
2009,11,0.474,0.222,0.377,0.453,0.544,0.567,0.604,0.334,0.602,0.426,0.193,0.049,-0.403,-0.691,-0.801,-0.382,-0.806
2009,12,0.241,0.162,0.178,0.069,-0.183,-0.027,-0.265,-0.003,-0.074,-0.016,-0.344,-0.131,-0.278,-0.376,-0.235,-0.207,-0.385
2010,1,-0.019,0.007,0.288,-0.107,-0.04,-0.117,-0.363,-0.434,-0.21,-0.611,-1.446,-1.147,-1.157,-0.882,-0.985,-0.344,-1.28
2010,2,0.366,0.3,0.403,0.245,0.172,0.28,-0.014,-0.144,0.096,0.217,-0.332,-0.214,-0.931,-0.197,-0.218,-0.171,-0.686
2010,3,0.594,0.461,0.67,0.674,0.815,1.069,0.857,0.53,0.833,0.68,0.036,0.282,-0.401,-0.232,-0.1,0.018,-0.443
2010,4,0.617,0.419,0.813,0.791,1.049,0.856,1.056,0.98,1.307,1.008,0.51,0.638,0.227,-0.188,0.074,0.089,-0.08
2010,5,0.789,0.588,0.719,0.95,1.174,1.451,1.229,0.856,0.909,0.77,0.56,0.75,0.416,-0.02,0.157,0.04,0.051
2010,6,0.335,0.46,0.381,0.834,1.26,1.17,1.388,1.35,1.988,1.457,1.261,1.325,0.868,0.253,0.25,0.196,0.141
2010,7,0.412,0.368,0.277,0.39,0.519,0.701,0.582,0.788,1.892,1.941,1.965,1.942,1.831,1.087,0.912,0.862,0.653
2010,8,0.588,0.545,0.451,0.665,0.667,0.543,0.744,0.757,1.387,2.237,0.867,0.965,0.817,0.27,0.274,0.204,0.234
2010,9,0.661,0.456,0.386,0.373,0.342,0.41,0.542,0.309,0.778,0.792,0.293,0.337,0.238,-0.061,-0.082,-0.034,-0.112
2010,10,0.455,0.169,0.25,0.152,0.13,0.133,0.044,0.235,0.493,0.636,0.132,0.209,-0.096,-0.212,-0.294,-0.243,-0.404
2010,11,0.238,0.296,0.47,0.279,0.346,0.398,0.626,0.511,0.626,0.306,0.12,-0.228,-0.39,-0.349,-0.183,-0.109,-0.278
2010,12,0.095,-0.156,0.206,0.163,-0.043,-0.162,-0.249,-0.2,-0.305,-0.591,-1.304,-1.24,-1.441,-1.079,-1.217,-0.414,-1.288
2011,1,-0.069,-0.151,-0.069,-0.062,0.312,0.181,0.472,0.398,0.438,0.405,-0.02,0.092,-0.285,-0.314,0.015,-0.199,-0.347
2011,2,-0.005,0.017,0.235,0.043,0.216,0.248,0.515,0.35,0.467,0.333,0.507,0.418,0.183,-0.158,0.187,0.013,-0.005
2011,3,0.594,0.411,0.443,0.343,0.391,0.33,0.128,0.103,-0.032,-0.326,-0.481,-0.424,-0.684,-0.298,-0.618,-0.112,-1.077
2011,4,0.982,0.697,0.761,0.971,1.077,0.837,1.047,0.803,0.956,1.045,0.572,0.828,0.591,-0.033,0.262,0.091,0.095
2011,5,0.853,0.74,0.914,1.081,0.78,0.964,0.902,0.758,1.416,1.073,0.74,0.637,0.581,-0.021,0.079,0.029,0.058
2011,6,0.462,0.532,0.504,0.583,0.803,0.929,1.224,1.187,1.674,1.597,0.978,1.247,0.772,0.251,0.263,0.167,0.141
2011,7,0.826,0.727,0.564,0.718,0.569,0.615,0.861,0.78,1.81,1.835,1.435,1.623,1.193,0.624,0.565,0.408,0.312
2011,8,0.691,0.639,0.576,0.788,0.869,0.711,1.019,1.196,1.839,1.859,1.109,1.327,0.952,0.308,0.364,0.378,0.261
2011,9,0.508,0.497,0.324,0.371,0.339,0.2,0.315,0.468,0.688,0.795,0.499,0.507,0.566,0.147,-0.006,0.137,-0.133
2011,10,0.493,0.334,0.317,0.372,0.477,0.484,0.456,0.427,0.596,0.605,0.461,0.409,0.313,0.132,0.044,-0.056,-0.153
2011,11,0.033,0.094,0.183,0.126,0.178,0.276,0.205,0.279,0.319,-0.111,-0.199,-0.343,-0.284,-0.368,-0.384,-0.244,-0.602
2011,12,0.087,0.055,0.243,0.141,0.044,0.021,-0.05,0.221,0.77,0.894,0.823,0.774,0.643,0.064,0.506,-0.028,-0.084
2012,1,0.193,0.085,0.306,0.118,0.287,0.206,0.291,0.182,0.168,0.032,-0.166,-0.425,-0.389,-0.521,-0.623,-0.321,-0.867
2012,2,0.46,0.238,0.59,0.613,0.781,0.874,1.199,0.828,1.064,0.818,0.49,0.617,0.429,-0.065,0.042,0.023,-0.2
2012,3,0.686,0.432,0.517,0.363,0.241,0.078,0.01,-0.169,-0.043,-0.267,-0.394,-0.38,-0.542,-0.555,-0.701,-0.113,-0.724
2012,4,0.479,0.372,0.362,0.585,0.886,1.001,0.683,0.377,0.59,0.288,-0.101,-0.012,-0.271,-0.264,-0.25,0.004,-0.401
2012,5,0.695,0.553,0.678,1.162,1.362,1.137,1.403,0.846,1.688,0.956,1.236,1.149,0.906,0.267,0.531,0.249,0.141
2012,6,0.731,0.584,0.604,0.865,0.86,1.021,1.092,1.233,1.793,1.295,1.108,0.763,0.584,0.022,0.172,-0.016,-0.012
2012,7,0.69,0.575,0.458,0.541,0.568,0.652,0.924,0.969,1.609,1.612,1.217,1.31,0.805,0.405,0.469,0.316,0.243
2012,8,0.522,0.327,0.337,0.479,0.659,0.709,0.865,0.823,1.227,1.241,0.815,1.196,0.785,0.473,0.528,0.379,0.3
2012,9,0.585,0.409,0.406,0.442,0.537,0.527,0.439,0.429,0.81,1.149,0.913,1.007,1.035,0.566,0.533,0.485,0.353
2012,10,0.552,0.465,0.466,0.407,0.303,0.376,0.159,0.261,0.313,-0.004,0.154,0.148,0.106,-0.075,-0.196,-0.113,-0.18
2012,11,0.368,0.224,0.223,0.14,0.079,0.074,-0.006,-0.033,-0.113,-0.353,-0.492,-0.564,-0.652,-0.817,-0.585,-0.524,-0.781
2012,12,0.638,0.383,0.303,0.267,0.394,0.288,0.192,0.404,0.439,0.298,-0.022,-0.264,-0.237,-0.825,-0.184,-0.562,-0.299
2013,1,0.333,0.348,0.44,0.335,0.725,0.592,0.673,0.332,0.59,0.478,0.373,0.165,0.301,-0.27,-0.072,0.049,0.029
2013,2,0.732,0.558,0.538,0.654,1.02,0.964,0.76,0.928,1.143,1.039,0.76,0.627,0.246,0.06,-0.069,-0.089,-0.062
2013,3,0.656,0.38,0.294,0.481,0.744,0.707,0.522,0.607,0.843,0.55,0.347,0.372,0.138,-0.003,-0.06,0.01,-0.018
2013,4,1.086,0.662,0.719,0.98,1.147,1.132,0.959,1.31,1.72,1.402,1.075,1.058,0.616,0.245,0.203,0.101,0.141
2013,5,0.92,0.522,0.598,1.218,1.292,1.275,0.952,0.798,1.231,1.014,0.507,0.631,0.37,0.208,0.185,0.108,0.038
2013,6,1.151,0.661,0.482,0.965,1.071,1.034,0.806,0.93,1.497,1.324,1.074,1.277,0.928,0.347,0.318,0.168,0.06
2013,7,0.864,0.598,0.434,0.642,0.588,0.473,0.287,0.644,1.564,1.961,2.163,2.345,2.014,1.292,1.231,0.851,0.66
2013,8,1.213,0.829,0.619,0.977,0.99,0.847,0.538,0.504,0.755,0.751,0.374,0.424,0.394,0.206,0.192,0.161,0.038
2013,9,0.979,0.637,0.477,0.809,1.186,1.031,0.741,0.621,0.775,0.521,0.291,0.279,0.069,-0.107,-0.113,-0.015,-0.009
2013,10,0.58,0.384,0.248,0.42,0.692,0.617,0.541,0.677,1.227,1.04,1.003,1.054,0.845,0.521,0.408,0.33,0.253
2013,11,0.232,0.239,0.16,0.177,0.447,0.453,0.503,0.49,0.715,0.436,0.17,0.286,0.112,0.105,-0.079,0.097,-0.027
2013,12,0.255,0.294,0.26,0.165,0.488,0.379,0.56,0.374,0.918,0.872,0.568,0.614,0.456,0.17,-0.033,0.191,0.079
2014,1,0.078,0.178,0.096,0.076,0.371,0.344,0.217,-0.05,0.081,0.173,-0.16,0.006,-0.134,0.006,-0.255,0.063,-0.161
2014,2,0.44,0.344,0.248,0.366,0.651,0.452,0.226,0.113,0.137,-0.099,-0.298,-0.279,-0.429,-0.262,-0.333,-0.121,-0.333
2014,3,0.734,0.401,0.308,0.346,0.357,0.196,0.052,0.184,0.312,0.395,0.272,0.263,0.123,-0.089,-0.287,-0.094,-0.17
2014,4,0.911,0.627,0.564,0.728,0.88,0.768,0.59,0.536,0.654,0.503,0.515,0.41,0.429,0.109,0.097,0.012,0.039
2014,5,0.717,0.532,0.64,0.891,1.187,1.26,1.025,1.109,1.396,1.224,0.793,0.708,0.524,0.212,0.174,0.088,0.142
2014,6,0.779,0.634,0.454,0.88,0.999,1.071,0.903,1.1,1.933,2.051,1.866,1.665,1.18,0.672,0.532,0.363,0.321
2014,7,0.604,0.513,0.301,0.47,0.42,0.362,0.308,0.37,0.715,0.707,1.166,1.381,1.181,0.899,0.735,0.607,0.488
2014,8,0.616,0.524,0.349,0.579,0.581,0.537,0.362,0.263,0.761,0.923,0.972,0.992,0.849,0.702,0.619,0.525,0.386
2014,9,0.83,0.663,0.522,0.728,0.774,0.597,0.359,0.266,0.344,0.358,0.497,0.341,0.282,0.166,0.108,0.023,-0.083
2014,10,0.487,0.284,0.185,0.376,0.63,0.523,0.343,0.267,0.301,0.152,-0.088,-0.216,-0.286,-0.34,-0.539,-0.287,-0.394
2014,11,0.412,0.326,0.204,0.183,0.306,0.235,0.146,0.083,0.005,-0.039,-0.168,-0.227,-0.199,-0.114,-0.262,-0.022,-0.547
2014,12,0.391,0.224,0.174,0.031,0.254,0.129,0.007,0.221,-0.163,-0.34,-0.814,-0.757,-0.437,-0.208,-0.664,-0.147,-0.562
2015,1,0.06,0.185,0.048,-0.043,0.215,0.297,0.193,0.056,0.147,0.052,-0.018,-0.004,0.094,-0.258,-0.194,-0.254,-0.144
2015,2,0.331,0.241,0.105,0.227,0.327,0.284,0.113,0.137,0.258,-0.016,-0.129,-0.372,0.024,-0.343,-0.44,-0.207,-0.151
2015,3,0.319,0.2,0.13,0.295,0.684,0.631,0.428,0.496,0.633,0.481,0.263,0.148,0.092,-0.067,-0.071,-0.079,-0.078
2015,4,0.726,0.437,0.454,0.89,1.263,1.222,0.888,1.395,1.483,1.314,0.979,0.969,0.719,0.335,0.237,0.184,0.165
2015,5,0.82,0.594,0.694,0.976,0.899,0.826,0.603,0.885,1.467,1.398,1.06,1.222,0.896,0.555,0.513,0.348,0.381
2015,6,0.721,0.612,0.48,0.741,0.778,0.709,0.521,0.627,0.996,1.353,1.418,1.37,0.792,0.708,0.731,0.559,0.527
2015,7,0.749,0.61,0.472,0.655,0.471,0.427,0.161,0.248,0.496,0.832,0.775,0.891,0.585,0.331,0.277,0.324,0.22
2015,8,0.712,0.626,0.543,0.878,0.819,0.819,0.4,0.195,0.409,0.527,0.501,0.615,0.567,0.378,0.321,0.349,0.254
2015,9,0.476,0.388,0.281,0.455,0.623,0.662,0.615,0.641,0.899,1.018,1.17,1.001,0.696,0.408,0.272,0.308,0.156
2015,10,0.448,0.386,0.335,0.504,0.79,0.699,0.366,0.393,0.484,0.33,0.444,0.201,0.094,-0.089,-0.062,-0.048,-0.073
2015,11,0.49,0.496,0.464,0.385,0.794,0.766,0.679,0.447,0.57,0.316,0.142,-0.034,-0.06,-0.185,-0.255,0.007,-0.041
2015,12,0.774,0.734,0.764,0.745,0.751,0.543,0.424,0.162,0.196,-0.069,-0.56,-0.717,-1.022,-0.87,-0.964,-0.543,-0.292
2016,1,0.397,0.312,0.188,0.153,0.214,-0.041,-0.304,-0.177,-0.797,-0.789,-1.3,-1.036,-0.942,-0.846,-0.845,-0.767,-0.693
2016,2,0.407,0.389,0.368,0.381,0.539,0.489,0.4,0.124,0.176,0.097,-0.294,-0.209,-0.317,-0.438,-0.455,-0.345,-0.258
2016,3,0.896,0.558,0.423,0.681,0.885,0.698,0.404,0.368,0.264,-0.005,-0.376,-0.509,-0.532,-0.614,-0.555,-0.484,-0.288
2016,4,0.878,0.684,0.733,0.995,1.087,1.121,0.762,0.8,0.948,0.697,0.363,0.379,0.152,-0.044,0.062,0.025,0.023
2016,5,0.853,0.571,0.587,0.818,0.647,0.73,0.399,0.814,1.242,1.276,1.258,1.228,0.923,0.565,0.519,0.466,0.469
2016,6,0.552,0.378,0.26,0.677,1.04,1.298,0.917,1.019,1.551,1.457,0.925,1.001,0.756,0.462,0.386,0.343,0.274
2016,7,0.574,0.411,0.279,0.627,0.836,0.852,0.619,0.904,1.577,1.857,1.77,1.331,1.104,0.722,0.483,0.392,0.345
2016,8,0.686,0.573,0.433,0.739,0.692,0.754,0.43,0.346,0.597,0.756,1.094,1.083,0.763,0.657,0.537,0.458,0.354
2016,9,0.651,0.456,0.344,0.576,0.741,0.628,0.748,0.641,1.069,0.989,0.884,0.887,0.573,0.409,0.383,0.312,0.186
2016,10,0.778,0.591,0.408,0.525,0.507,0.382,0.228,0.04,0.078,-0.161,-0.715,-0.658,-1.083,-0.816,-1.036,-0.576,-0.472
2016,11,0.394,0.355,0.312,0.36,0.587,0.512,0.305,0.119,0.033,-0.112,-0.442,-0.525,-0.687,-0.749,-0.693,-0.522,-0.444
2016,12,0.385,0.379,0.301,0.231,0.422,0.542,0.517,0.327,0.559,0.673,0.236,0.384,0.075,0.156,-0.086,-0.008,-0.093
2017,1,0.277,0.187,0.151,0.142,0.195,0.066,-0.105,-0.034,0.002,0.058,-0.338,-0.311,-0.142,-0.128,-0.47,-0.176,-0.451
2017,2,0.587,0.417,0.331,0.223,0.317,0.049,-0.176,0.115,-0.075,-0.165,-0.447,-0.568,-0.11,-0.35,-0.151,-0.227,-0.112
2017,3,0.579,0.45,0.404,0.557,0.863,0.793,0.557,0.451,0.443,0.201,-0.19,-0.178,-0.416,-0.459,-0.54,-0.248,-0.317
2017,4,1.174,0.772,0.648,0.891,0.968,0.925,0.559,0.585,0.66,0.553,-0.003,-0.026,-0.075,-0.235,-0.353,-0.19,-0.219
2017,5,0.832,0.607,0.635,0.961,1.04,1.233,0.998,1.255,1.692,1.681,1.108,1.091,0.861,0.328,0.379,0.199,0.282
2017,6,0.805,0.584,0.511,0.984,0.983,1.312,0.88,0.89,1.457,1.516,0.902,1.052,0.687,0.353,0.284,0.236,0.23
2017,7,0.451,0.355,0.247,0.496,0.779,0.899,0.739,0.727,1.531,1.922,1.67,1.836,1.135,0.932,0.81,0.602,0.523
2017,8,0.775,0.614,0.416,0.676,0.684,0.652,0.495,0.209,0.785,1.078,0.925,1.272,0.86,0.417,0.507,0.537,0.334
2017,9,0.746,0.518,0.409,0.548,0.579,0.576,0.292,0.211,0.537,0.578,0.543,0.621,0.393,0.098,0.168,0.191,0.138
2017,10,0.468,0.34,0.274,0.414,0.655,0.7,0.713,0.717,0.969,1.021,0.564,0.663,0.424,0.183,0.048,0.148,0.095
2017,11,0.55,0.481,0.28,0.308,0.392,0.265,0.096,0.052,-0.023,-0.18,-0.554,-0.631,-0.645,-0.695,-0.821,-0.536,-0.527
2017,12,0.09,0.221,0.148,-0.009,0.396,0.495,0.43,0.283,0.509,0.527,0.307,0.341,0.209,0.032,-0.009,0.104,-0.045
2018,1,0.47,0.398,0.355,0.38,0.43,0.329,0.099,0.083,-0.014,-0.146,-0.297,-0.434,-0.616,-0.398,-0.688,-0.459,-0.528
2018,2,0.309,0.271,0.394,0.43,0.775,0.811,0.848,0.944,1.474,1.299,1.048,0.963,0.786,0.108,0.25,0.046,0.313
2018,3,0.644,0.471,0.425,0.374,0.264,0.21,0.05,0.069,0.237,0.225,0.103,0.095,0.097,-0.036,-0.062,-0.342,-0.025
2018,4,1.05,0.815,0.714,1.087,1.031,0.896,0.59,0.603,0.739,0.433,0.273,0.147,-0.001,-0.134,-0.129,-0.175,0.016
2018,5,1.127,0.738,0.761,1.121,1.148,1.263,0.867,1.136,1.72,1.53,1.068,1.26,0.754,0.41,0.45,0.289,0.336
2018,6,0.761,0.533,0.422,1.031,1.213,1.541,1.139,1.416,2.354,2.038,1.287,1.285,0.742,0.413,0.292,0.19,0.111
2018,7,0.403,0.306,0.236,0.597,0.782,0.849,0.691,0.559,1.269,1.558,1.396,1.495,1.173,0.695,0.623,0.572,0.431
2018,8,0.584,0.514,0.389,0.748,0.805,0.778,0.603,0.566,1.399,1.407,0.919,0.891,0.655,0.416,0.386,0.345,0.311
2018,9,0.642,0.536,0.393,0.797,1.083,1.085,0.926,0.809,1.373,1.484,0.954,1.034,0.333,0.321,0.253,0.297,0.145
2018,10,0.246,0.242,0.134,0.329,0.73,0.744,0.606,0.637,0.695,0.559,0.6,0.497,0.323,0.094,0.032,0.021,-0.028
2018,11,0.281,0.217,0.18,0.174,0.316,0.187,0.216,0.178,0.499,0.411,0.259,0.299,0.109,-0.12,-0.2,-0.124,-0.228
2018,12,0.513,0.386,0.428,0.598,0.74,0.609,0.584,0.429,0.318,0.353,-0.127,-0.263,-0.442,-0.515,-0.681,-0.402,-0.428
2019,1,0.249,0.188,0.133,0.052,0.047,-0.061,-0.325,-0.253,-0.532,-0.348,-0.807,-0.541,-0.544,-0.461,-0.414,-0.336,-0.339
2019,2,0.421,0.373,0.423,0.438,0.613,0.515,0.137,0.341,0.559,0.46,0.147,0.142,0.216,0.01,0.103,0.033,0.183
2019,3,0.706,0.481,0.422,0.503,0.587,0.469,0.292,0.266,0.306,0.247,-0.017,0.102,0.012,-0.053,-0.009,0.028,-0.076
2019,4,0.689,0.509,0.45,0.747,0.972,1.002,0.864,0.979,1.313,1.572,1.075,1.055,0.659,0.172,0.096,0.083,0.106
2019,5,0.859,0.6,0.661,0.912,0.795,0.845,0.472,0.629,0.854,0.725,0.655,1.021,0.682,0.435,0.393,0.368,0.368
2019,6,0.591,0.422,0.247,0.589,0.721,0.817,0.791,0.887,1.727,1.868,1.708,1.477,1.001,0.595,0.601,0.427,0.417
2019,7,0.714,0.579,0.443,0.934,1.047,1.27,1.034,1.06,1.781,1.803,1.153,1.117,0.713,0.451,0.271,0.22,0.158
2019,8,0.775,0.659,0.546,0.866,0.864,0.855,0.688,0.344,0.942,1.108,0.975,0.766,0.628,0.416,0.345,0.295,0.181
2019,9,0.616,0.404,0.366,0.722,0.914,0.988,0.715,0.714,1.371,1.175,0.748,0.727,0.424,0.224,0.065,0.187,0.092
2019,10,0.459,0.332,0.218,0.401,0.656,0.734,0.629,0.39,1.121,0.817,0.731,0.829,0.789,0.283,0.178,0.12,0.022
2019,11,0.221,0.158,0.163,0.244,0.451,0.519,0.513,0.435,0.677,0.651,0.442,0.356,0.453,0.418,0.311,0.267,0.103
2019,12,0.329,0.225,0.177,0.091,0.133,0.014,-0.276,-0.223,-0.224,-0.413,-0.756,-0.633,-0.493,-0.405,-0.422,-0.243,-0.325
2020,1,0.328,0.287,0.249,0.554,0.875,0.785,0.441,0.237,0.34,0.102,-0.316,-0.118,-0.773,-0.595,-1.055,-0.312,-0.489
2020,2,0.246,0.249,0.188,0.309,0.69,0.82,0.861,1.113,1.562,1.523,1.353,1.154,0.85,0.149,0.08,0.015,0.149
2020,3,0.449,0.261,0.3,0.254,0.279,0.199,0.188,0.274,0.658,0.655,0.422,0.441,0.277,0.16,0.112,0.065,0.083
2020,4,0.577,0.357,0.341,0.78,1.112,1.174,0.885,0.64,0.851,0.726,0.58,0.648,0.513,0.261,0.255,0.24,0.158
2020,5,0.929,0.655,0.545,0.913,0.846,0.997,0.698,0.567,1.028,0.859,0.377,0.455,0.214,0.059,0.021,0.104,0.094
2020,6,0.765,0.508,0.397,0.784,0.851,1.04,0.95,0.792,1.707,1.742,1.216,1.056,0.791,0.366,0.325,0.262,0.241
2020,7,0.893,0.696,0.459,0.909,0.793,0.85,0.773,0.574,1.087,1.877,1.364,1.679,1.217,0.438,0.618,0.443,0.418
2020,8,0.665,0.554,0.419,0.692,0.726,0.844,0.604,0.551,1.545,1.615,1.534,1.673,0.955,0.45,0.42,0.39,0.335
2020,9,0.484,0.354,0.218,0.454,0.678,0.817,0.557,0.23,0.582,0.222,-0.036,0.226,0.093,0.03,-0.048,0.099,-0.054
2020,10,0.492,0.265,0.152,0.249,0.332,0.379,0.439,0.386,1.176,1.443,1.318,1.295,0.898,0.388,0.196,0.196,0.081
2020,11,0.446,0.378,0.334,0.577,0.999,0.883,0.648,0.463,0.676,0.503,0.118,-0.015,-0.101,-0.239,-0.34,-0.091,-0.045
2020,12,0.234,0.219,0.163,0.331,0.613,0.53,0.384,0.332,0.462,0.253,0.042,0.039,-0.104,-0.232,-0.444,-0.105,-0.266
2021,1,0.336,0.242,0.281,0.412,0.595,0.607,0.533,0.261,0.354,0.233,-0.312,-0.343,-0.15,-0.284,-0.567,-0.231,-0.308
2021,2,0.752,0.566,0.492,0.755,0.908,0.978,0.838,0.993,1.157,1.116,0.607,0.446,0.187,0.056,-0.076,0.12,0.149
2021,3,0.63,0.468,0.556,0.681,0.839,0.666,0.599,0.444,1.018,0.851,0.508,0.514,0.121,-0.038,-0.158,-0.019,-0.069
2021,4,0.804,0.582,0.54,0.991,1.054,1.149,0.679,0.707,1.584,1.24,1.005,1.062,0.793,0.53,0.381,0.271,0.187
2021,5,0.812,0.542,0.609,1.181,1.462,1.718,1.422,1.34,2.324,1.88,1.287,1.34,0.778,0.492,0.375,0.347,0.269
2021,6,0.661,0.562,0.448,0.826,0.774,0.898,0.55,0.38,1.152,0.93,0.738,0.842,0.675,0.143,0.228,0.236,0.172
2021,7,0.559,0.47,0.357,0.754,0.738,0.856,0.594,0.765,1.858,2.171,1.496,2.021,1.568,0.766,0.74,0.619,0.568
2021,8,0.446,0.415,0.296,0.573,0.534,0.676,0.613,0.589,1.379,1.599,1.525,1.675,1.088,0.502,0.444,0.458,0.428
2021,9,0.613,0.42,0.233,0.464,0.605,0.719,0.771,0.596,0.837,0.915,0.987,1.157,0.708,0.267,0.188,0.132,0.059
